Timestamp,What is your current marital status?,Wife: How old were you at marriage? (in years),Husband: How old were you at marriage? (in years),Our Family Backgrounds:,Have you been married before?,Was buying a home or moving out a significant factor for marriage?,How did you meet?,How long was your relationship before marriage?,Did you attend Premarital Counselling?,Did you live together before marriage?,What were your views on marriage prior to the wedding?,"Do you believe in ""Soulmates"" or ""The One""?",Our views on religion:,Do you have children together?,What were your views on children?,On political views:,Relationship with In-laws is best described as: (Select Neutral if Not Applicable) [You and your in-laws],Relationship with In-laws is best described as: (Select Neutral if Not Applicable) [Your spouse/ex and their in-laws],Our household is primarily:,On managing household finances:,What best describes your personalities?,Do you share a key common interest?,Do you approve of each other's social circle?,How do you feel about pets & pet ownership?,Which top 3 values do you prioritise most in your life? [Me],Which top 3 values do you prioritise most in your life? [My spouse/ex],"Thank you for reaching the end! 

If there are there any other factors you feel are important for a relationship that were not mentioned, feel free to add them here. Otherwise, press submit!",Age Gap (years),age_gap,meet_clean,inlaw_you_score,inlaw_spouse_score,inlaw_mean_score,inlaw_min_score,inlaw_gap_score,inlaw_joint_cat,inlaw_mean_band,inlaw_min_band,inlaw_gap_band,inlaw_pair_profile,rel_length_ord,children_bin,values_overlap_count,overlap_0,overlap_1,overlap_2,overlap_3,me_values_set,spouse_values_set,me_has__adventure_trying_new_things,spouse_has__adventure_trying_new_things,both_have__adventure_trying_new_things,mismatch__adventure_trying_new_things,me_has__career_ambition,spouse_has__career_ambition,both_have__career_ambition,mismatch__career_ambition,me_has__community,spouse_has__community,both_have__community,mismatch__community,me_has__faith_and_spirituality,spouse_has__faith_and_spirituality,both_have__faith_and_spirituality,mismatch__faith_and_spirituality,me_has__family,spouse_has__family,both_have__family,mismatch__family,me_has__health_and_fitness,spouse_has__health_and_fitness,both_have__health_and_fitness,mismatch__health_and_fitness,me_has__security_stability,spouse_has__security_stability,both_have__security_stability,mismatch__security_stability,me_has__self_improvement,spouse_has__self_improvement,both_have__self_improvement,mismatch__self_improvement,me_has__travel,spouse_has__travel,both_have__travel,mismatch__travel,values_union_count,values_mismatch_count,values_jaccard,values_cosine
2/12/2026 18:58:26,Divorced or Annulled,25,27,Both our parents are Divorced,No,No,Mutual friends,6 monthsâ1 year,No,Yes,Both wanted marriage,Half - one of us does,Different beliefs but accepting,Yes,Both wanted children,We have different views but respect them,Bad,Bad,Dual income,"Half aligned, half in disagreement",Mixed - One of each,No,Somewhat,We are both indifferent or do not want pets,"Self-Improvement, Health and Fitness, Community","Career Ambition, Family, Security/Stability",,2.0,2,Mutual Friends,2,2,2.0,2,0,Bad | Bad,Low,Low,Aligned (0),Both strained,,1,0,1,0,0,0,"{'self-improvement', 'community', 'health and fitness'}","{'security/stability', 'career ambition', 'family'}",0,0,0,0,0,1,0,1,1,0,0,1,0,0,0,0,0,1,0,1,1,0,0,1,0,1,0,1,1,0,0,1,0,0,0,0,6,6,0.0,0.0
2/13/2026 20:30:11,Married or Widowed,25,26,Both our parents are Married,No,No,Family introduction,<6 months,No,No,Both wanted marriage,Half - one of us does,Same beliefs but different practices,Yes,Both wanted children,We share the same views,Good,Bad,Single income,Mostly aligned,Both Introverts,Yes,Yes,"Mixed - One of us love pets, the other does not","Career Ambition, Family, Security/Stability","Family, Security/Stability, Health and Fitness","
How is your sex life?  How well do you communicate with your spouse? ",1.0,1,Family Introduction,4,2,3.0,2,2,Good | Bad,Neutral,Low,Large mismatch (2+),Large mismatch,0.0,1,2,0,0,1,0,"{'security/stability', 'career ambition', 'family'}","{'health and fitness', 'security/stability', 'family'}",0,0,0,0,1,0,0,1,0,0,0,0,0,0,0,0,1,1,1,0,0,1,0,1,1,1,1,0,0,0,0,0,0,0,0,0,4,2,0.5,0.6666666666666666
2/14/2026 13:50:01,Married or Widowed,41,41,Both our parents are Divorced,No,Yes,Online (e.g. Dating App),4+ years,Yes,No,Ambivalent,Half - one of us does,Same beliefs but different practices,No,Both ambivalent or undecided,We share the same views,Neutral,Neutral,Single income,"Half aligned, half in disagreement",Mixed - One of each,Yes,Somewhat,We are both indifferent or do not want pets,"Family, Faith and Spirituality, Security/Stability","Career Ambition, Adventure/Trying New Things, Health and Fitness",,0.0,0,Dating App / Online,3,3,3.0,3,0,Neutral | Neutral,Neutral,Neutral,Aligned (0),Mixed/neutral,4.0,0,0,1,0,0,0,"{'faith and spirituality', 'security/stability', 'family'}","{'adventure/trying new things', 'career ambition', 'health and fitness'}",0,1,0,1,0,1,0,1,0,0,0,0,1,0,0,1,1,0,0,1,0,1,0,1,1,0,0,1,0,0,0,0,0,0,0,0,6,6,0.0,0.0
2/14/2026 16:47:29,Married or Widowed,36,33,Both our parents are Married,No,No,Mutual friends,2â4 years,No,Yes,Ambivalent,Half - one of us does,Different beliefs but accepting,Yes,Both ambivalent or undecided,We share the same views,Very Good,Very Good,Dual income,Mostly aligned,Mixed - One of each,Yes,Yes,We both love and/or own pets,"Career Ambition, Family, Adventure/Trying New Things","Career Ambition, Family, Self-Improvement",,3.0,-3,Mutual Friends,5,5,5.0,5,0,Very Good | Very Good,High,High,Aligned (0),Both positive,,1,2,0,0,1,0,"{'adventure/trying new things', 'career ambition', 'family'}","{'self-improvement', 'career ambition', 'family'}",1,0,0,1,1,1,1,0,0,0,0,0,0,0,0,0,1,1,1,0,0,0,0,0,0,0,0,0,0,1,0,1,0,0,0,0,4,2,0.5,0.6666666666666666
2/14/2026 17:53:13,Married or Widowed,25,26,Both our parents are Married,No,No,Met in USA,4+ years,No,No,Both wanted marriage,Yes - we both do,Different beliefs but accepting,Yes,Both wanted children,We both avoid discussing politics,Good,Good,Dual income,Mostly aligned,Mixed - One of each,No,Yes,We are both indifferent or do not want pets,"Career Ambition, Family, Faith and Spirituality","Career Ambition, Family, Faith and Spirituality",,1.0,1,Other,4,4,4.0,4,0,Good | Good,High,High,Aligned (0),Both positive,4.0,1,3,0,0,0,1,"{'faith and spirituality', 'career ambition', 'family'}","{'faith and spirituality', 'career ambition', 'family'}",0,0,0,0,1,1,1,0,0,0,0,0,1,1,1,0,1,1,1,0,0,0,0,0,0,0,0,0,0,0,0,0,0,0,0,0,3,0,1.0,1.0
2/14/2026 18:19:39,Married or Widowed,27,27,Both our parents are Married,No,Yes,Mutual friends,2â4 years,No,No,"Half - One was ambivalent, one wanted marriage",Yes - we both do,Different beliefs altogether,Yes,Both wanted children,We both avoid discussing politics,Good,Good,Dual income,Mostly aligned,Mixed - One of each,No,Somewhat,"Mixed - One of us love pets, the other does not","Career Ambition, Family, Security/Stability","Family, Adventure/Trying New Things, Travel",,0.0,0,Mutual Friends,4,4,4.0,4,0,Good | Good,High,High,Aligned (0),Both positive,,1,1,0,1,0,0,"{'security/stability', 'career ambition', 'family'}","{'adventure/trying new things', 'travel', 'family'}",0,1,0,1,1,0,0,1,0,0,0,0,0,0,0,0,1,1,1,0,0,0,0,0,1,0,0,1,0,0,0,0,0,1,0,1,5,4,0.2,0.3333333333333333
2/14/2026 18:32:28,Married or Widowed,25,26,Both our parents are Married,No,No,Mutual friends,1â2 years,No,No,Both wanted marriage,No - we don't,Different beliefs but accepting,Yes,Both wanted children,We have different views but respect them,Good,Good,Dual income,Mostly aligned,Mixed - One of each,Yes,Yes,"Mixed - One of us love pets, the other does not","Career Ambition, Family, Health and Fitness","Career Ambition, Family, Health and Fitness",,1.0,1,Mutual Friends,4,4,4.0,4,0,Good | Good,High,High,Aligned (0),Both positive,,1,3,0,0,0,1,"{'health and fitness', 'career ambition', 'family'}","{'health and fitness', 'career ambition', 'family'}",0,0,0,0,1,1,1,0,0,0,0,0,0,0,0,0,1,1,1,0,1,1,1,0,0,0,0,0,0,0,0,0,0,0,0,0,3,0,1.0,1.0
2/14/2026 18:52:05,Married or Widowed,30,30,Both our parents are Married,No,Yes,Workplace,4+ years,Yes,Yes,Both wanted marriage,No - we don't,Same beliefs and practices,Yes,Both wanted children,We share the same views,Bad,Good,Dual income,Mostly aligned,Mixed - One of each,Yes,Yes,We are both indifferent or do not want pets,"Family, Faith and Spirituality, Adventure/Trying New Things, Health and Fitness","Career Ambition, Faith and Spirituality, Self-Improvement, Travel",,0.0,0,Workplace,2,4,3.0,2,2,Bad | Good,Neutral,Low,Large mismatch (2+),Large mismatch,4.0,1,1,0,1,0,0,"{'faith and spirituality', 'health and fitness', 'family', 'adventure/trying new things'}","{'faith and spirituality', 'self-improvement', 'career ambition', 'travel'}",1,0,0,1,0,1,0,1,0,0,0,0,1,1,1,0,1,0,0,1,1,0,0,1,0,0,0,0,0,1,0,1,0,1,0,1,7,6,0.14285714285714285,0.25
2/14/2026 19:14:14,Married or Widowed,33,29,"One set of parents are Married, the other Divorced",No,Yes,Mutual friends,1â2 years,No,No,Ambivalent,Yes - we both do,Different beliefs but accepting,Yes,Mixed views,We both avoid discussing politics,Good,Good,Single income,"Half aligned, half in disagreement",Mixed - One of each,No,Somewhat,We are both indifferent or do not want pets,Faith and Spirituality,Career Ambition,,4.0,-4,Mutual Friends,4,4,4.0,4,0,Good | Good,High,High,Aligned (0),Both positive,,1,0,1,0,0,0,{'faith and spirituality'},{'career ambition'},0,0,0,0,0,1,0,1,0,0,0,0,1,0,0,1,0,0,0,0,0,0,0,0,0,0,0,0,0,0,0,0,0,0,0,0,2,2,0.0,0.0
2/14/2026 19:21:10,Married or Widowed,25,27,"One set of parents are Married, the other Divorced",No,Yes,Workplace,2â4 years,No,No,Both wanted marriage,Half - one of us does,Different beliefs but accepting,No,Both ambivalent or undecided,We share the same views,Good,Good,Dual income,Mostly aligned,Both Introverts,Yes,Yes,We both love and/or own pets,"Career Ambition, Family, Adventure/Trying New Things, Security/Stability","Career Ambition, Family, Adventure/Trying New Things, Security/Stability",,2.0,2,Workplace,4,4,4.0,4,0,Good | Good,High,High,Aligned (0),Both positive,,0,4,0,0,0,1,"{'adventure/trying new things', 'security/stability', 'career ambition', 'family'}","{'adventure/trying new things', 'security/stability', 'career ambition', 'family'}",1,1,1,0,1,1,1,0,0,0,0,0,0,0,0,0,1,1,1,0,0,0,0,0,1,1,1,0,0,0,0,0,0,0,0,0,4,0,1.0,1.0
2/14/2026 19:22:02,Married or Widowed,32,32,Both our parents are Married,No,No,School,2â4 years,No,Yes,"Half - One was ambivalent, one wanted marriage",Half - one of us does,Different beliefs but accepting,Yes,Both wanted children,We have different views but respect them,Good,Good,Single income,Mostly aligned,Mixed - One of each,Yes,Yes,"Mixed - One of us love pets, the other does not",Family,Family,,0.0,0,School,4,4,4.0,4,0,Good | Good,High,High,Aligned (0),Both positive,,1,1,0,1,0,0,{'family'},{'family'},0,0,0,0,0,0,0,0,0,0,0,0,0,0,0,0,1,1,1,0,0,0,0,0,0,0,0,0,0,0,0,0,0,0,0,0,1,0,1.0,1.0
2/14/2026 19:25:07,Married or Widowed,28,29,Both our parents are Married,No,No,Religious Place of Worship,4+ years,No,No,Both wanted marriage,Yes - we both do,Same beliefs and practices,Yes,Both wanted children,We share the same views,Very Good,Very Good,Dual income,Mostly aligned,Both Introverts,Yes,Yes,We are both indifferent or do not want pets,"Career Ambition, Family, Faith and Spirituality","Family, Security/Stability, Health and Fitness",,1.0,1,Religious Community,5,5,5.0,5,0,Very Good | Very Good,High,High,Aligned (0),Both positive,4.0,1,1,0,1,0,0,"{'faith and spirituality', 'career ambition', 'family'}","{'health and fitness', 'security/stability', 'family'}",0,0,0,0,1,0,0,1,0,0,0,0,1,0,0,1,1,1,1,0,0,1,0,1,0,1,0,1,0,0,0,0,0,0,0,0,5,4,0.2,0.3333333333333333
2/14/2026 19:25:15,Married or Widowed,31,34,Both our parents are Married,No,Yes,Workplace,2â4 years,Yes,No,Both wanted marriage,No - we don't,Same beliefs and practices,Yes,Both wanted children,We share the same views,Good,Good,Single income,Mostly aligned,Mixed - One of each,Yes,Yes,We both love and/or own pets,"Family, Faith and Spirituality, Adventure/Trying New Things","Family, Faith and Spirituality, Adventure/Trying New Things",,3.0,3,Workplace,4,4,4.0,4,0,Good | Good,High,High,Aligned (0),Both positive,,1,3,0,0,0,1,"{'faith and spirituality', 'family', 'adventure/trying new things'}","{'faith and spirituality', 'family', 'adventure/trying new things'}",1,1,1,0,0,0,0,0,0,0,0,0,1,1,1,0,1,1,1,0,0,0,0,0,0,0,0,0,0,0,0,0,0,0,0,0,3,0,1.0,1.0
2/14/2026 19:30:41,Married or Widowed,27,27,Both our parents are Married,No,Yes,School,4+ years,No,No,Both wanted marriage,Yes - we both do,Different beliefs but accepting,Yes,Both wanted children,We have different views but respect them,Good,Good,Single income,Mostly aligned,Mixed - One of each,Yes,Somewhat,"Mixed - One of us love pets, the other does not",Family,Family,,0.0,0,School,4,4,4.0,4,0,Good | Good,High,High,Aligned (0),Both positive,4.0,1,1,0,1,0,0,{'family'},{'family'},0,0,0,0,0,0,0,0,0,0,0,0,0,0,0,0,1,1,1,0,0,0,0,0,0,0,0,0,0,0,0,0,0,0,0,0,1,0,1.0,1.0
2/14/2026 19:35:35,Married or Widowed,26,27,Both our parents are Married,No,No,Cc events ,4+ years,No,No,Both wanted marriage,No - we don't,Different beliefs but accepting,Yes,Both wanted children,We have different views but respect them,Very Good,Very Good,Single income,Mostly aligned,Mixed - One of each,Yes,Yes,We are both indifferent or do not want pets,Family,Family,,1.0,1,Social / Event,5,5,5.0,5,0,Very Good | Very Good,High,High,Aligned (0),Both positive,4.0,1,1,0,1,0,0,{'family'},{'family'},0,0,0,0,0,0,0,0,0,0,0,0,0,0,0,0,1,1,1,0,0,0,0,0,0,0,0,0,0,0,0,0,0,0,0,0,1,0,1.0,1.0
2/14/2026 19:41:22,Married or Widowed,24,27,Both our parents are Married,No,Yes,School,2â4 years,No,No,Both wanted marriage,Half - one of us does,Different beliefs but accepting,Yes,Both wanted children,We have different views but respect them,Good,Very Good,Dual income,Mostly aligned,Mixed - One of each,Yes,Yes,"Mixed - One of us love pets, the other does not","Career Ambition, Family, Security/Stability","Career Ambition, Family, Community",,3.0,3,School,4,5,4.5,4,1,Good | Very Good,High,High,Slight mismatch (1),Both positive,,1,2,0,0,1,0,"{'security/stability', 'career ambition', 'family'}","{'community', 'career ambition', 'family'}",0,0,0,0,1,1,1,0,0,1,0,1,0,0,0,0,1,1,1,0,0,0,0,0,1,0,0,1,0,0,0,0,0,0,0,0,4,2,0.5,0.6666666666666666
2/14/2026 19:44:42,Married or Widowed,28,28,"One set of parents are Married, the other Divorced",No,No,School,4+ years,No,Yes,Both wanted marriage,Half - one of us does,Different beliefs but accepting,Yes,Both wanted children,We have different views but respect them,Neutral,Neutral,Dual income,Mostly aligned,Both Extroverts,Yes,Somewhat,"Mixed - One of us love pets, the other does not","Career Ambition, Family, Self-Improvement","Family, Security/Stability, Health and Fitness",,0.0,0,School,3,3,3.0,3,0,Neutral | Neutral,Neutral,Neutral,Aligned (0),Mixed/neutral,4.0,1,1,0,1,0,0,"{'self-improvement', 'career ambition', 'family'}","{'health and fitness', 'security/stability', 'family'}",0,0,0,0,1,0,0,1,0,0,0,0,0,0,0,0,1,1,1,0,0,1,0,1,0,1,0,1,1,0,0,1,0,0,0,0,5,4,0.2,0.3333333333333333
2/14/2026 20:05:29,Married or Widowed,32,32,Both our parents are Divorced,No,No,only my wife and I know how we met.  Not something we have shared.,1â2 years,Yes,No,Both wanted marriage,No - we don't,Same beliefs and practices,Yes,Both wanted children,We share the same views,Neutral,Good,Dual income,"Half aligned, half in disagreement",Mixed - One of each,No,Somewhat,We are both indifferent or do not want pets,"Family, Faith and Spirituality","Career Ambition, Faith and Spirituality, Self-Improvement",,0.0,0,Other,3,4,3.5,3,1,Neutral | Good,Neutral,Neutral,Slight mismatch (1),Mixed/neutral,,1,1,0,1,0,0,"{'faith and spirituality', 'family'}","{'faith and spirituality', 'self-improvement', 'career ambition'}",0,0,0,0,0,1,0,1,0,0,0,0,1,1,1,0,1,0,0,1,0,0,0,0,0,0,0,0,0,1,0,1,0,0,0,0,4,3,0.25,0.4082482904638631
2/14/2026 20:13:29,Married or Widowed,28,29,Both our parents are Married,No,No,Online (e.g. Dating App),4+ years,Yes,No,Both wanted marriage,Half - one of us does,Same beliefs and practices,Yes,Both wanted children,We have different views but respect them,Neutral,Neutral,Dual income,Mostly aligned,Both Introverts,No,Somewhat,We are both indifferent or do not want pets,"Faith and Spirituality, Security/Stability, Travel","Career Ambition, Faith and Spirituality, Security/Stability, Health and Fitness",,1.0,1,Dating App / Online,3,3,3.0,3,0,Neutral | Neutral,Neutral,Neutral,Aligned (0),Mixed/neutral,4.0,1,2,0,0,1,0,"{'faith and spirituality', 'security/stability', 'travel'}","{'faith and spirituality', 'security/stability', 'career ambition', 'health and fitness'}",0,0,0,0,0,1,0,1,0,0,0,0,1,1,1,0,0,0,0,0,0,1,0,1,1,1,1,0,0,0,0,0,1,0,0,1,5,3,0.4,0.5773502691896258
2/14/2026 20:41:47,Married or Widowed,33,38,Both our parents are Married,No,No,Mutual friends,4+ years,Yes,No,Both wanted marriage,Half - one of us does,Same beliefs and practices,No,Both ambivalent or undecided,Our different views cause conflict,Very Good,Good,Dual income,"Half aligned, half in disagreement",Mixed - One of each,Yes,Yes,We are both indifferent or do not want pets,"Family, Faith and Spirituality, Community","Career Ambition, Family, Travel",,5.0,5,Mutual Friends,5,4,4.5,4,1,Very Good | Good,High,High,Slight mismatch (1),Both positive,4.0,0,1,0,1,0,0,"{'faith and spirituality', 'family', 'community'}","{'travel', 'career ambition', 'family'}",0,0,0,0,0,1,0,1,1,0,0,1,1,0,0,1,1,1,1,0,0,0,0,0,0,0,0,0,0,0,0,0,0,1,0,1,5,4,0.2,0.3333333333333333
2/14/2026 21:08:16,Married or Widowed,28,33,Both our parents are Married,No,No,On a plane,1â2 years,Yes,Yes,Both wanted marriage,Half - one of us does,Different beliefs altogether,Yes,Both wanted children,We have different views but respect them,Good,Good,Dual income,"Half aligned, half in disagreement",Both Extroverts,Yes,Yes,We are both indifferent or do not want pets,"Career Ambition, Family, Health and Fitness","Career Ambition, Family, Security/Stability",,5.0,5,Other,4,4,4.0,4,0,Good | Good,High,High,Aligned (0),Both positive,,1,2,0,0,1,0,"{'health and fitness', 'career ambition', 'family'}","{'security/stability', 'career ambition', 'family'}",0,0,0,0,1,1,1,0,0,0,0,0,0,0,0,0,1,1,1,0,1,0,0,1,0,1,0,1,0,0,0,0,0,0,0,0,4,2,0.5,0.6666666666666666
2/14/2026 21:44:14,Married or Widowed,22,25,Both our parents are Married,No,Yes,School,2â4 years,No,No,Both wanted marriage,Yes - we both do,Same beliefs but different practices,Yes,Both wanted children,We have different views but respect them,Neutral,Good,Dual income,Mostly aligned,Mixed - One of each,Yes,Somewhat,We are both indifferent or do not want pets,"Family, Faith and Spirituality, Security/Stability","Family, Faith and Spirituality, Security/Stability",,3.0,3,School,3,4,3.5,3,1,Neutral | Good,Neutral,Neutral,Slight mismatch (1),Mixed/neutral,,1,3,0,0,0,1,"{'faith and spirituality', 'security/stability', 'family'}","{'faith and spirituality', 'security/stability', 'family'}",0,0,0,0,0,0,0,0,0,0,0,0,1,1,1,0,1,1,1,0,0,0,0,0,1,1,1,0,0,0,0,0,0,0,0,0,3,0,1.0,1.0
2/14/2026 22:00:43,Married or Widowed,35,35,Both our parents are Married,No,Yes,Workplace,1â2 years,No,No,Both wanted marriage,Yes - we both do,Same beliefs and practices,Yes,Both wanted children,We share the same views,Good,Good,Dual income,Mostly aligned,Mixed - One of each,Yes,Yes,We are both indifferent or do not want pets,"Travel, Health and Fitness","Travel, Health and Fitness",,0.0,0,Workplace,4,4,4.0,4,0,Good | Good,High,High,Aligned (0),Both positive,,1,2,0,0,1,0,"{'health and fitness', 'travel'}","{'health and fitness', 'travel'}",0,0,0,0,0,0,0,0,0,0,0,0,0,0,0,0,0,0,0,0,1,1,1,0,0,0,0,0,0,0,0,0,1,1,1,0,2,0,1.0,1.0
2/14/2026 22:01:16,Married or Widowed,32,34,Both our parents are Married,Half - One of us married before,No,Workplace,1â2 years,No,No,Both wanted marriage,Yes - we both do,Different beliefs but accepting,Yes,Both wanted children,We share the same views,Good,Good,Dual income,Mostly aligned,Both Introverts,Yes,Yes,We are both indifferent or do not want pets,"Family, Security/Stability, Health and Fitness","Adventure/Trying New Things, Security/Stability, Health and Fitness",,2.0,2,Workplace,4,4,4.0,4,0,Good | Good,High,High,Aligned (0),Both positive,,1,2,0,0,1,0,"{'health and fitness', 'security/stability', 'family'}","{'adventure/trying new things', 'security/stability', 'health and fitness'}",0,1,0,1,0,0,0,0,0,0,0,0,0,0,0,0,1,0,0,1,1,1,1,0,1,1,1,0,0,0,0,0,0,0,0,0,4,2,0.5,0.6666666666666666
2/14/2026 22:05:10,Married or Widowed,28,29,Both our parents are Married,No,Yes,School,2â4 years,No,No,Both wanted marriage,Yes - we both do,Same beliefs and practices,Yes,Both wanted children,We have different views but respect them,Very Good,Very Good,Dual income,Mostly aligned,Mixed - One of each,Yes,Yes,We both love and/or own pets,"Family, Faith and Spirituality, Travel","Family, Faith and Spirituality, Self-Improvement",,1.0,1,School,5,5,5.0,5,0,Very Good | Very Good,High,High,Aligned (0),Both positive,,1,2,0,0,1,0,"{'faith and spirituality', 'travel', 'family'}","{'faith and spirituality', 'self-improvement', 'family'}",0,0,0,0,0,0,0,0,0,0,0,0,1,1,1,0,1,1,1,0,0,0,0,0,0,0,0,0,0,1,0,1,1,0,0,1,4,2,0.5,0.6666666666666666
2/14/2026 22:06:30,Married or Widowed,28,27,Both our parents are Married,No,No,School,2â4 years,Yes,No,Both wanted marriage,No - we don't,Same beliefs and practices,Yes,Mixed views,We share the same views,Good,Good,Dual income,Mostly aligned,Mixed - One of each,Yes,Yes,We both love and/or own pets,"Family, Security/Stability, Travel","Career Ambition, Family, Health and Fitness",,1.0,-1,School,4,4,4.0,4,0,Good | Good,High,High,Aligned (0),Both positive,,1,1,0,1,0,0,"{'security/stability', 'family', 'travel'}","{'health and fitness', 'career ambition', 'family'}",0,0,0,0,0,1,0,1,0,0,0,0,0,0,0,0,1,1,1,0,0,1,0,1,1,0,0,1,0,0,0,0,1,0,0,1,5,4,0.2,0.3333333333333333
2/14/2026 22:08:12,Married or Widowed,24,32,Both our parents are Married,No,No,Workplace,<6 months,No,No,Both wanted marriage,Yes - we both do,Different beliefs but accepting,Yes,Both wanted children,We share the same views,Very Good,Very Good,Dual income,"Half aligned, half in disagreement",Mixed - One of each,No,Yes,We both love and/or own pets,"Family, Travel, Health and Fitness","Family, Travel, Health and Fitness",,8.0,8,Workplace,5,5,5.0,5,0,Very Good | Very Good,High,High,Aligned (0),Both positive,0.0,1,3,0,0,0,1,"{'health and fitness', 'travel', 'family'}","{'health and fitness', 'travel', 'family'}",0,0,0,0,0,0,0,0,0,0,0,0,0,0,0,0,1,1,1,0,1,1,1,0,0,0,0,0,0,0,0,0,1,1,1,0,3,0,1.0,1.0
2/14/2026 22:09:31,Married or Widowed,28,37,Both our parents are Married,No,Yes,Workplace,4+ years,No,Yes,Both wanted marriage,Yes - we both do,Different beliefs but accepting,Yes,Mixed views,We share the same views,Very Good,Very Good,Dual income,Mostly aligned,Both Introverts,Yes,Yes,We both love and/or own pets,"Career Ambition, Family, Security/Stability","Career Ambition, Family, Security/Stability",,9.0,9,Workplace,5,5,5.0,5,0,Very Good | Very Good,High,High,Aligned (0),Both positive,4.0,1,3,0,0,0,1,"{'security/stability', 'career ambition', 'family'}","{'security/stability', 'career ambition', 'family'}",0,0,0,0,1,1,1,0,0,0,0,0,0,0,0,0,1,1,1,0,0,0,0,0,1,1,1,0,0,0,0,0,0,0,0,0,3,0,1.0,1.0
2/14/2026 22:29:16,Married or Widowed,32,33,Both our parents are Married,No,Yes,Mutual friends,4+ years,No,No,Both wanted marriage,No - we don't,Same beliefs and practices,Yes,Both wanted children,We have different views but respect them,Good,Very Good,Dual income,Mostly aligned,Both Extroverts,Yes,Yes,We are both indifferent or do not want pets,"Family, Travel","Career Ambition, Security/Stability, Self-Improvement, Travel",,1.0,1,Mutual Friends,4,5,4.5,4,1,Good | Very Good,High,High,Slight mismatch (1),Both positive,4.0,1,1,0,1,0,0,"{'travel', 'family'}","{'self-improvement', 'security/stability', 'career ambition', 'travel'}",0,0,0,0,0,1,0,1,0,0,0,0,0,0,0,0,1,0,0,1,0,0,0,0,0,1,0,1,0,1,0,1,1,1,1,0,5,4,0.2,0.35355339059327373
2/14/2026 22:37:16,Married or Widowed,26,27,Both our parents are Married,No,Yes,Mutual friends,6 monthsâ1 year,No,No,Both wanted marriage,Yes - we both do,Different beliefs but accepting,Yes,Both wanted children,We have different views but respect them,Very Good,Very Good,Single income,Mostly aligned,Both Extroverts,Yes,Yes,We both love and/or own pets,"Family, Travel, Health and Fitness","Family, Travel, Health and Fitness",Na,1.0,1,Mutual Friends,5,5,5.0,5,0,Very Good | Very Good,High,High,Aligned (0),Both positive,,1,3,0,0,0,1,"{'health and fitness', 'travel', 'family'}","{'health and fitness', 'travel', 'family'}",0,0,0,0,0,0,0,0,0,0,0,0,0,0,0,0,1,1,1,0,1,1,1,0,0,0,0,0,0,0,0,0,1,1,1,0,3,0,1.0,1.0
2/14/2026 22:50:55,Married or Widowed,31,34,Both our parents are Married,No,No,Workplace,4+ years,Yes,No,Both wanted marriage,Yes - we both do,Different beliefs but accepting,Yes,Both wanted children,We have different views but respect them,Very Good,Very Good,Dual income,Mostly aligned,Mixed - One of each,Yes,Yes,We both love and/or own pets,Family,Family,Communication ,3.0,3,Workplace,5,5,5.0,5,0,Very Good | Very Good,High,High,Aligned (0),Both positive,4.0,1,1,0,1,0,0,{'family'},{'family'},0,0,0,0,0,0,0,0,0,0,0,0,0,0,0,0,1,1,1,0,0,0,0,0,0,0,0,0,0,0,0,0,0,0,0,0,1,0,1.0,1.0
2/14/2026 23:23:19,Married or Widowed,24,27,Both our parents are Married,No,Yes,Mutual friends,4+ years,Yes,No,Both wanted marriage,Half - one of us does,Different beliefs but accepting,Yes,Both wanted children,We have different views but respect them,Very Good,Neutral,Single income,"Half aligned, half in disagreement",Mixed - One of each,No,Somewhat,"Mixed - One of us love pets, the other does not","Career Ambition, Family, Faith and Spirituality","Career Ambition, Family, Faith and Spirituality",,3.0,3,Mutual Friends,5,3,4.0,3,2,Very Good | Neutral,High,Neutral,Large mismatch (2+),Large mismatch,4.0,1,3,0,0,0,1,"{'faith and spirituality', 'career ambition', 'family'}","{'faith and spirituality', 'career ambition', 'family'}",0,0,0,0,1,1,1,0,0,0,0,0,1,1,1,0,1,1,1,0,0,0,0,0,0,0,0,0,0,0,0,0,0,0,0,0,3,0,1.0,1.0
2/14/2026 23:32:52,Married or Widowed,31,33,Both our parents are Married,No,No,Mutual friends,2â4 years,Yes,No,Both wanted marriage,Yes - we both do,Same beliefs and practices,Yes,Both wanted children,We have different views but respect them,Very Good,Very Good,Dual income,Mostly aligned,Both Extroverts,Yes,Yes,We both love and/or own pets,Faith and Spirituality,Family,,2.0,2,Mutual Friends,5,5,5.0,5,0,Very Good | Very Good,High,High,Aligned (0),Both positive,,1,0,1,0,0,0,{'faith and spirituality'},{'family'},0,0,0,0,0,0,0,0,0,0,0,0,1,0,0,1,0,1,0,1,0,0,0,0,0,0,0,0,0,0,0,0,0,0,0,0,2,2,0.0,0.0
2/14/2026 23:59:24,Married or Widowed,31,33,Both our parents are Married,No,Yes,School,4+ years,No,Yes,"Half - One was ambivalent, one wanted marriage",No - we don't,Same beliefs and practices,No,Both ambivalent or undecided,We have different views but respect them,Neutral,Neutral,Single income,Mostly aligned,Both Introverts,Yes,Yes,We both love and/or own pets,"Adventure/Trying New Things, Security/Stability, Self-Improvement","Adventure/Trying New Things, Self-Improvement, Travel","Belief and Values section makes too many presumptions (i.e., the way religion/soulmates/politics is described is simplistic and imposes a particular worldview on these complex topics). My suggestion: Interview (with your target audience) is a better methodology to build some hypotheses, then use the survey to size and validate. If that is too much trouble, then you could allow some of the questions to have an others answer (to allow for nuance on more complex topics)",2.0,2,School,3,3,3.0,3,0,Neutral | Neutral,Neutral,Neutral,Aligned (0),Mixed/neutral,4.0,0,2,0,0,1,0,"{'self-improvement', 'adventure/trying new things', 'security/stability'}","{'adventure/trying new things', 'self-improvement', 'travel'}",1,1,1,0,0,0,0,0,0,0,0,0,0,0,0,0,0,0,0,0,0,0,0,0,1,0,0,1,1,1,1,0,0,1,0,1,4,2,0.5,0.6666666666666666
2/15/2026 0:14:16,Married or Widowed,29,34,Both our parents are Married,No,No,Distance relative,6 monthsâ1 year,Yes,No,Both wanted marriage,Yes - we both do,Same beliefs and practices,Yes,Both wanted children,We both avoid discussing politics,Neutral,Neutral,Dual income,"Half aligned, half in disagreement",Mixed - One of each,Yes,Yes,"Mixed - One of us love pets, the other does not","Career Ambition, Family, Faith and Spirituality","Career Ambition, Faith and Spirituality, Community",,5.0,5,Family Introduction,3,3,3.0,3,0,Neutral | Neutral,Neutral,Neutral,Aligned (0),Mixed/neutral,,1,2,0,0,1,0,"{'faith and spirituality', 'career ambition', 'family'}","{'faith and spirituality', 'career ambition', 'community'}",0,0,0,0,1,1,1,0,0,1,0,1,1,1,1,0,1,0,0,1,0,0,0,0,0,0,0,0,0,0,0,0,0,0,0,0,4,2,0.5,0.6666666666666666
2/15/2026 7:42:26,Married or Widowed,32,31,Both our parents are Married,No,No,Online (e.g. Dating App),1â2 years,No,No,Both wanted marriage,No - we don't,Different beliefs but accepting,No,Both ambivalent or undecided,We share the same views,Good,Good,Dual income,Mostly aligned,Mixed - One of each,Yes,Yes,"Mixed - One of us love pets, the other does not","Career Ambition, Family, Security/Stability","Career Ambition, Family, Self-Improvement",,1.0,-1,Dating App / Online,4,4,4.0,4,0,Good | Good,High,High,Aligned (0),Both positive,,0,2,0,0,1,0,"{'security/stability', 'career ambition', 'family'}","{'self-improvement', 'career ambition', 'family'}",0,0,0,0,1,1,1,0,0,0,0,0,0,0,0,0,1,1,1,0,0,0,0,0,1,0,0,1,0,1,0,1,0,0,0,0,4,2,0.5,0.6666666666666666
2/15/2026 8:16:52,Married or Widowed,32,31,Both our parents are Married,No,No,Social gathering by chance,1â2 years,No,No,Both wanted marriage,Yes - we both do,Same beliefs and practices,Yes,Both wanted children,We have different views but respect them,Neutral,Neutral,Dual income,"Half aligned, half in disagreement",Mixed - One of each,No,Somewhat,We both love and/or own pets,"Family, Faith and Spirituality, Security/Stability, Travel, Health and Fitness","Career Ambition, Family, Adventure/Trying New Things, Security/Stability, Travel",,1.0,-1,Social / Event,3,3,3.0,3,0,Neutral | Neutral,Neutral,Neutral,Aligned (0),Mixed/neutral,,1,3,0,0,0,1,"{'family', 'health and fitness', 'security/stability', 'travel', 'faith and spirituality'}","{'family', 'career ambition', 'security/stability', 'travel', 'adventure/trying new things'}",0,1,0,1,0,1,0,1,0,0,0,0,1,0,0,1,1,1,1,0,1,0,0,1,1,1,1,0,0,0,0,0,1,1,1,0,7,4,0.42857142857142855,0.6
2/15/2026 9:19:43,Married or Widowed,28,29,Both our parents are Married,No,No,School,4+ years,No,No,Both wanted marriage,Yes - we both do,Same beliefs and practices,Yes,Both wanted children,We share the same views,Neutral,Good,Dual income,Mostly aligned,Mixed - One of each,Yes,Yes,We are both indifferent or do not want pets,"Family, Security/Stability, Health and Fitness","Family, Security/Stability, Travel",,,1,School,3,4,3.5,3,1,Neutral | Good,Neutral,Neutral,Slight mismatch (1),Mixed/neutral,4.0,1,2,0,0,1,0,"{'health and fitness', 'security/stability', 'family'}","{'security/stability', 'family', 'travel'}",0,0,0,0,0,0,0,0,0,0,0,0,0,0,0,0,1,1,1,0,1,0,0,1,1,1,1,0,0,0,0,0,0,1,0,1,4,2,0.5,0.6666666666666666
2/15/2026 10:51:53,Married or Widowed,30,30,Both our parents are Married,Half - One of us married before,Yes,Mutual friends,4+ years,No,Yes,Both wanted marriage,No - we don't,Same beliefs but different practices,Yes,Both wanted children,Our different views cause conflict,Neutral,Neutral,Single income,Rarely aligned,Mixed - One of each,No,Yes,We are both indifferent or do not want pets,"Career Ambition, Family, Faith and Spirituality, Security/Stability, Travel, Health and Fitness",Adventure/Trying New Things,,0.0,0,Mutual Friends,3,3,3.0,3,0,Neutral | Neutral,Neutral,Neutral,Aligned (0),Mixed/neutral,4.0,1,0,1,0,0,0,"{'family', 'career ambition', 'health and fitness', 'security/stability', 'travel', 'faith and spirituality'}",{'adventure/trying new things'},0,1,0,1,1,0,0,1,0,0,0,0,1,0,0,1,1,0,0,1,1,0,0,1,1,0,0,1,0,0,0,0,1,0,0,1,7,7,0.0,0.0
2/15/2026 13:03:02,Married or Widowed,34,35,Both our parents are Married,No,No,Workplace,2â4 years,No,Yes,Both wanted marriage,No - we don't,Different beliefs but accepting,No,Both didn't want children,We share the same views,Very Good,Good,Dual income,Mostly aligned,Both Introverts,Yes,Yes,We are both indifferent or do not want pets,"Family, Travel, Health and Fitness","Family, Travel, Health and Fitness",Healthy communication and ability to communicate ,1.0,1,Workplace,5,4,4.5,4,1,Very Good | Good,High,High,Slight mismatch (1),Both positive,,0,3,0,0,0,1,"{'health and fitness', 'travel', 'family'}","{'health and fitness', 'travel', 'family'}",0,0,0,0,0,0,0,0,0,0,0,0,0,0,0,0,1,1,1,0,1,1,1,0,0,0,0,0,0,0,0,0,1,1,1,0,3,0,1.0,1.0
2/15/2026 15:44:27,Married or Widowed,27,28,Both our parents are Married,No,Yes,School,4+ years,No,No,Both wanted marriage,Yes - we both do,Different beliefs but accepting,Yes,Both wanted children,We have different views but respect them,Very Good,Very Good,Dual income,Mostly aligned,Mixed - One of each,Yes,Yes,"Mixed - One of us love pets, the other does not","Career Ambition, Family, Faith and Spirituality","Career Ambition, Family",,1.0,1,School,5,5,5.0,5,0,Very Good | Very Good,High,High,Aligned (0),Both positive,4.0,1,2,0,0,1,0,"{'faith and spirituality', 'career ambition', 'family'}","{'career ambition', 'family'}",0,0,0,0,1,1,1,0,0,0,0,0,1,0,0,1,1,1,1,0,0,0,0,0,0,0,0,0,0,0,0,0,0,0,0,0,3,1,0.6666666666666666,0.8164965809277261
2/15/2026 15:48:08,Married or Widowed,30,27,Both our parents are Married,No,No,Workplace,1â2 years,No,Yes,Both wanted marriage,Yes - we both do,Same beliefs and practices,No,Both ambivalent or undecided,We have different views but respect them,Neutral,Neutral,Dual income,Mostly aligned,Both Introverts,Yes,Somewhat,We both love and/or own pets,"Career Ambition, Family, Security/Stability","Family, Faith and Spirituality, Security/Stability",,3.0,-3,Workplace,3,3,3.0,3,0,Neutral | Neutral,Neutral,Neutral,Aligned (0),Mixed/neutral,,0,2,0,0,1,0,"{'security/stability', 'career ambition', 'family'}","{'faith and spirituality', 'security/stability', 'family'}",0,0,0,0,1,0,0,1,0,0,0,0,0,1,0,1,1,1,1,0,0,0,0,0,1,1,1,0,0,0,0,0,0,0,0,0,4,2,0.5,0.6666666666666666
2/15/2026 16:19:28,Married or Widowed,24,28,Both our parents are Married,No,No,Clubbing,2â4 years,No,Yes,Both wanted marriage,Half - one of us does,Same beliefs and practices,No,Both wanted children,We have different views but respect them,Very Good,Very Good,Dual income,"Half aligned, half in disagreement",Mixed - One of each,Yes,Yes,We both love and/or own pets,"Family, Security/Stability, Self-Improvement","Career Ambition, Family, Security/Stability",,4.0,4,Social / Event,5,5,5.0,5,0,Very Good | Very Good,High,High,Aligned (0),Both positive,,0,2,0,0,1,0,"{'self-improvement', 'security/stability', 'family'}","{'security/stability', 'career ambition', 'family'}",0,0,0,0,0,1,0,1,0,0,0,0,0,0,0,0,1,1,1,0,0,0,0,0,1,1,1,0,1,0,0,1,0,0,0,0,4,2,0.5,0.6666666666666666
2/15/2026 20:52:20,Married or Widowed,30,29,Both our parents are Married,No,Yes,Online (e.g. Dating App),6 monthsâ1 year,No,Yes,Both wanted marriage,Half - one of us does,Same beliefs and practices,Yes,Both wanted children,We share the same views,Neutral,Neutral,Dual income,Mostly aligned,Mixed - One of each,Yes,Somewhat,We are both indifferent or do not want pets,"Career Ambition, Family, Security/Stability, Self-Improvement, Travel, Health and Fitness","Career Ambition, Family, Security/Stability, Travel",trust,1.0,-1,Dating App / Online,3,3,3.0,3,0,Neutral | Neutral,Neutral,Neutral,Aligned (0),Mixed/neutral,,1,4,0,0,0,1,"{'family', 'career ambition', 'health and fitness', 'security/stability', 'travel', 'self-improvement'}","{'security/stability', 'career ambition', 'family', 'travel'}",0,0,0,0,1,1,1,0,0,0,0,0,0,0,0,0,1,1,1,0,1,0,0,1,1,1,1,0,1,0,0,1,1,1,1,0,6,2,0.6666666666666666,0.8164965809277261
2/16/2026 8:01:06,Married or Widowed,25,29,Both our parents are Married,No,Yes,School,2â4 years,No,No,Both wanted marriage,Half - one of us does,Same beliefs and practices,Yes,Both wanted children,We share the same views,Good,Very Good,Single income,Mostly aligned,Mixed - One of each,Yes,Yes,We are both indifferent or do not want pets,"Family, Adventure/Trying New Things, Health and Fitness","Career Ambition, Family, Health and Fitness",,4.0,4,School,4,5,4.5,4,1,Good | Very Good,High,High,Slight mismatch (1),Both positive,,1,2,0,0,1,0,"{'adventure/trying new things', 'family', 'health and fitness'}","{'health and fitness', 'career ambition', 'family'}",1,0,0,1,0,1,0,1,0,0,0,0,0,0,0,0,1,1,1,0,1,1,1,0,0,0,0,0,0,0,0,0,0,0,0,0,4,2,0.5,0.6666666666666666
2/16/2026 10:16:53,Married or Widowed,40,40,Both our parents are Married,No,No,Workplace,4+ years,Yes,No,"Half - One was ambivalent, one wanted marriage",No - we don't,Same beliefs and practices,No,Both ambivalent or undecided,We have different views but respect them,Good,Good,Dual income,"Half aligned, half in disagreement",Both Introverts,Yes,Somewhat,We are both indifferent or do not want pets,"Family, Faith and Spirituality, Self-Improvement","Family, Faith and Spirituality, Community",,0.0,0,Workplace,4,4,4.0,4,0,Good | Good,High,High,Aligned (0),Both positive,4.0,0,2,0,0,1,0,"{'faith and spirituality', 'self-improvement', 'family'}","{'faith and spirituality', 'family', 'community'}",0,0,0,0,0,0,0,0,0,1,0,1,1,1,1,0,1,1,1,0,0,0,0,0,0,0,0,0,1,0,0,1,0,0,0,0,4,2,0.5,0.6666666666666666
2/16/2026 17:53:42,Married or Widowed,33,32,Both our parents are Married,No,No,Workplace,2â4 years,No,No,"Half - One was ambivalent, one wanted marriage",No - we don't,Different beliefs altogether,Yes,Both wanted children,We share the same views,Neutral,Neutral,Single income,Mostly aligned,Both Extroverts,Yes,Yes,We both love and/or own pets,Family,Career Ambition,,1.0,-1,Workplace,3,3,3.0,3,0,Neutral | Neutral,Neutral,Neutral,Aligned (0),Mixed/neutral,,1,0,1,0,0,0,{'family'},{'career ambition'},0,0,0,0,0,1,0,1,0,0,0,0,0,0,0,0,1,0,0,1,0,0,0,0,0,0,0,0,0,0,0,0,0,0,0,0,2,2,0.0,0.0
2/18/2026 6:30:59,Married or Widowed,26,26,Both our parents are Married,No,No,School,4+ years,No,No,Both wanted marriage,No - we don't,Same beliefs and practices,No,Both wanted children,We share the same views,Good,Neutral,Single income,Mostly aligned,Mixed - One of each,Yes,Yes,We are both indifferent or do not want pets,"Career Ambition, Family, Faith and Spirituality","Career Ambition, Family, Faith and Spirituality",,0.0,0,School,4,3,3.5,3,1,Good | Neutral,Neutral,Neutral,Slight mismatch (1),Mixed/neutral,4.0,0,3,0,0,0,1,"{'faith and spirituality', 'career ambition', 'family'}","{'faith and spirituality', 'career ambition', 'family'}",0,0,0,0,1,1,1,0,0,0,0,0,1,1,1,0,1,1,1,0,0,0,0,0,0,0,0,0,0,0,0,0,0,0,0,0,3,0,1.0,1.0
2/18/2026 15:25:06,Married or Widowed,33,35,Both our parents are Married,No,Yes,Online (e.g. Dating App),4+ years,No,Yes,Ambivalent,Yes - we both do,Same beliefs but different practices,No,Mixed views,We both avoid discussing politics,Neutral,Good,Dual income,Mostly aligned,Both Introverts,Yes,Yes,"Mixed - One of us love pets, the other does not","Adventure/Trying New Things, Self-Improvement, Health and Fitness","Family, Adventure/Trying New Things, Travel",,2.0,2,Dating App / Online,3,4,3.5,3,1,Neutral | Good,Neutral,Neutral,Slight mismatch (1),Mixed/neutral,4.0,0,1,0,1,0,0,"{'adventure/trying new things', 'self-improvement', 'health and fitness'}","{'adventure/trying new things', 'travel', 'family'}",1,1,1,0,0,0,0,0,0,0,0,0,0,0,0,0,0,1,0,1,1,0,0,1,0,0,0,0,1,0,0,1,0,1,0,1,5,4,0.2,0.3333333333333333
2/18/2026 15:28:00,Married or Widowed,33,35,Both our parents are Married,No,Yes,At an event,4+ years,No,Yes,"Half - One was ambivalent, one wanted marriage",Yes - we both do,Same beliefs but different practices,No,Both ambivalent or undecided,We have different views but respect them,Good,Neutral,Dual income,Mostly aligned,Both Introverts,Yes,Somewhat,"Mixed - One of us love pets, the other does not","Adventure/Trying New Things, Travel, Community","Security/Stability, Self-Improvement, Health and Fitness",,2.0,2,Social / Event,4,3,3.5,3,1,Good | Neutral,Neutral,Neutral,Slight mismatch (1),Mixed/neutral,4.0,0,0,1,0,0,0,"{'adventure/trying new things', 'travel', 'community'}","{'self-improvement', 'security/stability', 'health and fitness'}",1,0,0,1,0,0,0,0,1,0,0,1,0,0,0,0,0,0,0,0,0,1,0,1,0,1,0,1,0,1,0,1,1,0,0,1,6,6,0.0,0.0
2/18/2026 15:34:34,Divorced or Annulled,27,29,Both our parents are Married,No,No,Workplace,4+ years,No,No,Both wanted marriage,No - we don't,Same beliefs but different practices,No,Both ambivalent or undecided,We have different views but respect them,Very Good,Neutral,Dual income,"Half aligned, half in disagreement",Mixed - One of each,Yes,Yes,"Mixed - One of us love pets, the other does not","Career Ambition, Adventure/Trying New Things, Self-Improvement, Travel, Health and Fitness","Security/Stability, Self-Improvement, Travel",,,2,Workplace,5,3,4.0,3,2,Very Good | Neutral,High,Neutral,Large mismatch (2+),Large mismatch,4.0,0,2,0,0,1,0,"{'self-improvement', 'career ambition', 'health and fitness', 'travel', 'adventure/trying new things'}","{'self-improvement', 'security/stability', 'travel'}",1,0,0,1,1,0,0,1,0,0,0,0,0,0,0,0,0,0,0,0,1,0,0,1,0,1,0,1,1,1,1,0,1,1,1,0,6,4,0.3333333333333333,0.5163977794943222
2/19/2026 20:21:52,Divorced or Annulled,20,27,"One set of parents are Married, the other Divorced",No,Yes,Workplace,4+ years,Yes,No,Both wanted marriage,Half - one of us does,Same beliefs and practices,Yes,Both wanted children,We have different views but respect them,Neutral,Neutral,Single income,"Half aligned, half in disagreement",Mixed - One of each,No,Somewhat,We are both indifferent or do not want pets,"Family, Faith and Spirituality",Career Ambition,Communication,7.0,7,Workplace,3,3,3.0,3,0,Neutral | Neutral,Neutral,Neutral,Aligned (0),Mixed/neutral,4.0,1,0,1,0,0,0,"{'faith and spirituality', 'family'}",{'career ambition'},0,0,0,0,0,1,0,1,0,0,0,0,1,0,0,1,1,0,0,1,0,0,0,0,0,0,0,0,0,0,0,0,0,0,0,0,3,3,0.0,0.0
2/21/2026 11:05:06,Divorced or Annulled,23,30,Both our parents are Married,No,No,Family introduction,<6 months,No,No,Both wanted marriage,No - we don't,Same beliefs and practices,Yes,Both wanted children,We both avoid discussing politics,Neutral,Neutral,Single income,Mostly aligned,Both Introverts,No,Somewhat,We are both indifferent or do not want pets,"Family, Faith and Spirituality, Security/Stability","Family, Security/Stability, Self-Improvement",,7.0,7,Family Introduction,3,3,3.0,3,0,Neutral | Neutral,Neutral,Neutral,Aligned (0),Mixed/neutral,0.0,1,2,0,0,1,0,"{'faith and spirituality', 'security/stability', 'family'}","{'self-improvement', 'security/stability', 'family'}",0,0,0,0,0,0,0,0,0,0,0,0,1,0,0,1,1,1,1,0,0,0,0,0,1,1,1,0,0,1,0,1,0,0,0,0,4,2,0.5,0.6666666666666666
2/22/2026 7:54:54,Married or Widowed,31,31,Both our parents are Married,No,No,Club,1â2 years,No,Yes,Both wanted marriage,Yes - we both do,Same beliefs and practices,Yes,Both wanted children,We both avoid discussing politics,Good,Neutral,Single income,Mostly aligned,Mixed - One of each,Yes,Yes,"Mixed - One of us love pets, the other does not","Family, Faith and Spirituality, Community","Family, Faith and Spirituality, Community",,0.0,0,Social / Event,4,3,3.5,3,1,Good | Neutral,Neutral,Neutral,Slight mismatch (1),Mixed/neutral,,1,3,0,0,0,1,"{'faith and spirituality', 'family', 'community'}","{'faith and spirituality', 'family', 'community'}",0,0,0,0,0,0,0,0,1,1,1,0,1,1,1,0,1,1,1,0,0,0,0,0,0,0,0,0,0,0,0,0,0,0,0,0,3,0,1.0,1.0
2/25/2026 0:48:17,Married or Widowed,23,27,Both our parents are Married,No,Yes,School,<6 months,Yes,No,Both wanted marriage,No - we don't,Same beliefs and practices,Yes,Both wanted children,We have different views but respect them,Good,Good,Single income,Mostly aligned,Mixed - One of each,Yes,Yes,We both love and/or own pets,"Family, Faith and Spirituality, Community","Family, Adventure/Trying New Things, Self-Improvement",,4.0,4,School,4,4,4.0,4,0,Good | Good,High,High,Aligned (0),Both positive,0.0,1,1,0,1,0,0,"{'faith and spirituality', 'family', 'community'}","{'adventure/trying new things', 'self-improvement', 'family'}",0,1,0,1,0,0,0,0,1,0,0,1,1,0,0,1,1,1,1,0,0,0,0,0,0,0,0,0,0,1,0,1,0,0,0,0,5,4,0.2,0.3333333333333333
3/3/2026 13:52:44,Married or Widowed,28,34,Both our parents are Married,No,No,Religious Place of Worship,4+ years,No,No,Both wanted marriage,Half - one of us does,Different beliefs but accepting,Yes,Mixed views,We have different views but respect them,Neutral,Neutral,Dual income,Mostly aligned,Mixed - One of each,Yes,Yes,"Mixed - One of us love pets, the other does not","Career Ambition, Family, Security/Stability, Self-Improvement, Travel, Health and Fitness","Career Ambition, Family, Security/Stability, Self-Improvement, Travel, Health and Fitness",Couples need to be aligned and sometimes we need to compromise on situations when we are not getting to a conclusion. ,6.0,6,Religious Community,3,3,3.0,3,0,Neutral | Neutral,Neutral,Neutral,Aligned (0),Mixed/neutral,4.0,1,6,0,0,0,1,"{'family', 'career ambition', 'health and fitness', 'security/stability', 'travel', 'self-improvement'}","{'family', 'career ambition', 'health and fitness', 'security/stability', 'travel', 'self-improvement'}",0,0,0,0,1,1,1,0,0,0,0,0,0,0,0,0,1,1,1,0,1,1,1,0,1,1,1,0,1,1,1,0,1,1,1,0,6,0,1.0,1.0
3/4/2026 10:55:56,Married or Widowed,28,29,Both our parents are Married,No,Yes,Workplace,4+ years,No,No,Both wanted marriage,Half - one of us does,Different beliefs but accepting,No,Mixed views,We have different views but respect them,Very Good,Very Good,Dual income,Mostly aligned,Mixed - One of each,Yes,Somewhat,We both love and/or own pets,"Adventure/Trying New Things, Security/Stability, Self-Improvement","Career Ambition, Security/Stability, Self-Improvement",,1.0,1,Workplace,5,5,5.0,5,0,Very Good | Very Good,High,High,Aligned (0),Both positive,4.0,0,2,0,0,1,0,"{'self-improvement', 'adventure/trying new things', 'security/stability'}","{'self-improvement', 'security/stability', 'career ambition'}",1,0,0,1,0,1,0,1,0,0,0,0,0,0,0,0,0,0,0,0,0,0,0,0,1,1,1,0,1,1,1,0,0,0,0,0,4,2,0.5,0.6666666666666666
3/5/2026 16:02:22,Married or Widowed,32,34,Both our parents are Married,No,Yes,Religious Place of Worship,2â4 years,Yes,No,Both wanted marriage,No - we don't,Same beliefs and practices,Yes,Both wanted children,We have different views but respect them,Good,Very Good,Dual income,Mostly aligned,Both Introverts,No,Yes,"Mixed - One of us love pets, the other does not","Family, Faith and Spirituality, Self-Improvement","Family, Faith and Spirituality, Security/Stability","We had a long discussion before getting married. Key discussions over whether to have child(ren), when will we have child(ren), where to locate ourselves in the world, how would the standard of livings are like.",2.0,2,Religious Community,4,5,4.5,4,1,Good | Very Good,High,High,Slight mismatch (1),Both positive,,1,2,0,0,1,0,"{'faith and spirituality', 'self-improvement', 'family'}","{'faith and spirituality', 'security/stability', 'family'}",0,0,0,0,0,0,0,0,0,0,0,0,1,1,1,0,1,1,1,0,0,0,0,0,0,1,0,1,1,0,0,1,0,0,0,0,4,2,0.5,0.6666666666666666
3/5/2026 17:59:46,Divorced or Annulled,19,21,Both our parents are Married,No,No,School,<6 months,No,Yes,"Half - One was ambivalent, one wanted marriage",Half - one of us does,Same beliefs and practices,Yes,Mixed views,We both avoid discussing politics,Bad,Good,Single income,"Half aligned, half in disagreement",Mixed - One of each,No,No,We are both indifferent or do not want pets,"Adventure/Trying New Things, Self-Improvement, Travel","Family, Security/Stability, Community",,2.0,2,School,2,4,3.0,2,2,Bad | Good,Neutral,Low,Large mismatch (2+),Large mismatch,0.0,1,0,1,0,0,0,"{'adventure/trying new things', 'self-improvement', 'travel'}","{'community', 'security/stability', 'family'}",1,0,0,1,0,0,0,0,0,1,0,1,0,0,0,0,0,1,0,1,0,0,0,0,0,1,0,1,1,0,0,1,1,0,0,1,6,6,0.0,0.0
3/5/2026 20:35:31,Divorced or Annulled,29,32,Both our parents are Married,No,Yes,School,4+ years,No,No,"Half - One was ambivalent, one wanted marriage",No - we don't,Same beliefs and practices,No,Mixed views,We have different views but respect them,Neutral,Neutral,Dual income,Mostly aligned,Both Introverts,No,Somewhat,We both love and/or own pets,"Family, Security/Stability, Travel","Career Ambition, Security/Stability, Travel",,3.0,3,School,3,3,3.0,3,0,Neutral | Neutral,Neutral,Neutral,Aligned (0),Mixed/neutral,4.0,0,2,0,0,1,0,"{'security/stability', 'family', 'travel'}","{'security/stability', 'career ambition', 'travel'}",0,0,0,0,0,1,0,1,0,0,0,0,0,0,0,0,1,0,0,1,0,0,0,0,1,1,1,0,0,0,0,0,1,1,1,0,4,2,0.5,0.6666666666666666
3/6/2026 11:46:25,Married or Widowed,28,30,Both our parents are Married,No,No,School,4+ years,No,No,Both wanted marriage,No - we don't,Same beliefs and practices,Yes,Both wanted children,We share the same views,Good,Neutral,Dual income,Mostly aligned,Mixed - One of each,No,Yes,We are both indifferent or do not want pets,"Family, Faith and Spirituality, Security/Stability, Self-Improvement","Family, Faith and Spirituality, Security/Stability",,,2,School,4,3,3.5,3,1,Good | Neutral,Neutral,Neutral,Slight mismatch (1),Mixed/neutral,4.0,1,3,0,0,0,1,"{'self-improvement', 'faith and spirituality', 'security/stability', 'family'}","{'faith and spirituality', 'security/stability', 'family'}",0,0,0,0,0,0,0,0,0,0,0,0,1,1,1,0,1,1,1,0,0,0,0,0,1,1,1,0,1,0,0,1,0,0,0,0,4,1,0.75,0.8660254037844387
3/6/2026 11:57:30,Married or Widowed,27,39,Both our parents are Married,No,Yes,Online (e.g. Dating App),4+ years,No,No,Ambivalent,No - we don't,Same beliefs and practices,No,Both didn't want children,We share the same views,Very Good,Bad,Dual income,Mostly aligned,Mixed - One of each,Yes,Yes,We both love and/or own pets,"Family, Self-Improvement, Health and Fitness","Family, Security/Stability, Self-Improvement",,12.0,12,Dating App / Online,5,2,3.5,2,3,Very Good | Bad,Neutral,Low,Large mismatch (2+),Large mismatch,4.0,0,2,0,0,1,0,"{'self-improvement', 'family', 'health and fitness'}","{'self-improvement', 'security/stability', 'family'}",0,0,0,0,0,0,0,0,0,0,0,0,0,0,0,0,1,1,1,0,1,0,0,1,0,1,0,1,1,1,1,0,0,0,0,0,4,2,0.5,0.6666666666666666
3/6/2026 13:47:31,Married or Widowed,27,28,Both our parents are Married,No,No,Religious Place of Worship,1â2 years,Yes,No,Both wanted marriage,Yes - we both do,Same beliefs and practices,No,Both wanted children,We share the same views,Good,Good,Dual income,Mostly aligned,Mixed - One of each,Yes,Somewhat,We both love and/or own pets,"Career Ambition, Faith and Spirituality, Adventure/Trying New Things","Career Ambition, Faith and Spirituality, Adventure/Trying New Things",Education level,1.0,1,Religious Community,4,4,4.0,4,0,Good | Good,High,High,Aligned (0),Both positive,,0,3,0,0,0,1,"{'faith and spirituality', 'career ambition', 'adventure/trying new things'}","{'faith and spirituality', 'career ambition', 'adventure/trying new things'}",1,1,1,0,1,1,1,0,0,0,0,0,1,1,1,0,0,0,0,0,0,0,0,0,0,0,0,0,0,0,0,0,0,0,0,0,3,0,1.0,1.0
3/6/2026 13:51:20,Married or Widowed,26,28,Both our parents are Married,No,Yes,School,2â4 years,No,Yes,Both wanted marriage,Yes - we both do,Different beliefs but accepting,Yes,Mixed views,We share the same views,Bad,Good,Dual income,Mostly aligned,Mixed - One of each,No,Somewhat,We are both indifferent or do not want pets,"Career Ambition, Family, Travel","Career Ambition, Family, Health and Fitness",,2.0,2,School,2,4,3.0,2,2,Bad | Good,Neutral,Low,Large mismatch (2+),Large mismatch,,1,2,0,0,1,0,"{'travel', 'career ambition', 'family'}","{'health and fitness', 'career ambition', 'family'}",0,0,0,0,1,1,1,0,0,0,0,0,0,0,0,0,1,1,1,0,0,1,0,1,0,0,0,0,0,0,0,0,1,0,0,1,4,2,0.5,0.6666666666666666
3/6/2026 13:56:37,Married or Widowed,40,42,Both our parents are Married,No,No,Online (e.g. Dating App),2â4 years,No,No,Both wanted marriage,No - we don't,Same beliefs and practices,No,Both didn't want children,We share the same views,Very Good,Very Good,Dual income,Mostly aligned,Mixed - One of each,Yes,Yes,We are both indifferent or do not want pets,"Security/Stability, Self-Improvement, Health and Fitness","Family, Security/Stability, Travel","Whether is it needed to stay with parents. Who needs to take care of baby, children. ",2.0,2,Dating App / Online,5,5,5.0,5,0,Very Good | Very Good,High,High,Aligned (0),Both positive,,0,1,0,1,0,0,"{'self-improvement', 'security/stability', 'health and fitness'}","{'security/stability', 'family', 'travel'}",0,0,0,0,0,0,0,0,0,0,0,0,0,0,0,0,0,1,0,1,1,0,0,1,1,1,1,0,1,0,0,1,0,1,0,1,5,4,0.2,0.3333333333333333
3/7/2026 5:42:27,Married or Widowed,32,36,"One set of parents are Married, the other Divorced",No,No,Online (e.g. Dating App),1â2 years,Yes,Yes,Both wanted marriage,No - we don't,Different beliefs but accepting,Yes,Both wanted children,We have different views but respect them,Neutral,Good,Dual income,Mostly aligned,Mixed - One of each,Yes,Yes,We both love and/or own pets,"Family, Travel, Health and Fitness","Security/Stability, Travel, Health and Fitness",,4.0,4,Dating App / Online,3,4,3.5,3,1,Neutral | Good,Neutral,Neutral,Slight mismatch (1),Mixed/neutral,,1,2,0,0,1,0,"{'health and fitness', 'travel', 'family'}","{'health and fitness', 'security/stability', 'travel'}",0,0,0,0,0,0,0,0,0,0,0,0,0,0,0,0,1,0,0,1,1,1,1,0,0,1,0,1,0,0,0,0,1,1,1,0,4,2,0.5,0.6666666666666666
3/9/2026 17:52:53,Divorced or Annulled,26,29,"One set of parents are Married, the other Divorced",No,No,Online (e.g. Dating App),2â4 years,No,Yes,"Half - One was ambivalent, one wanted marriage",Half - one of us does,Different beliefs altogether,Yes,Both wanted children,We both avoid discussing politics,Neutral,Neutral,Dual income,"Half aligned, half in disagreement",Mixed - One of each,No,Somewhat,We are both indifferent or do not want pets,"Career Ambition, Family, Travel","Career Ambition, Family, Security/Stability",,3.0,3,Dating App / Online,3,3,3.0,3,0,Neutral | Neutral,Neutral,Neutral,Aligned (0),Mixed/neutral,,1,2,0,0,1,0,"{'travel', 'career ambition', 'family'}","{'security/stability', 'career ambition', 'family'}",0,0,0,0,1,1,1,0,0,0,0,0,0,0,0,0,1,1,1,0,0,0,0,0,0,1,0,1,0,0,0,0,1,0,0,1,4,2,0.5,0.6666666666666666
3/9/2026 19:12:28,Divorced or Annulled,31,32,"One set of parents are Married, the other Divorced",No,No,Workplace,6 monthsâ1 year,No,No,Both wanted marriage,Half - one of us does,Different beliefs but accepting,Yes,Both wanted children,We both avoid discussing politics,Good,Very Bad,Single income,Rarely aligned,Mixed - One of each,No,No,"Mixed - One of us love pets, the other does not","Career Ambition, Family, Security/Stability","Adventure/Trying New Things, Travel, Community",,1.0,1,Workplace,4,1,2.5,1,3,Good | Very Bad,Low,Low,Large mismatch (2+),Large mismatch,,1,0,1,0,0,0,"{'security/stability', 'career ambition', 'family'}","{'adventure/trying new things', 'travel', 'community'}",0,1,0,1,1,0,0,1,0,1,0,1,0,0,0,0,1,0,0,1,0,0,0,0,1,0,0,1,0,0,0,0,0,1,0,1,6,6,0.0,0.0
3/22/2026 10:01:47,Divorced or Annulled,23,25,"One set of parents are Married, the other Divorced",No,Yes,School,1â2 years,No,No,"Half - One was ambivalent, one wanted marriage",Yes - we both do,Same beliefs and practices,Yes,Both ambivalent or undecided,We have different views but respect them,Bad,Very Bad,Dual income,Rarely aligned,Mixed - One of each,No,Somewhat,"Mixed - One of us love pets, the other does not","Faith and Spirituality, Career Ambition, Family","Travel, Security/Stability, Self-Improvement",Communication and trust,2.0,2,School,2,1,1.5,1,1,Bad | Very Bad,Low,Low,Slight mismatch (1),Both strained,,1,0,1,0,0,0,"{'faith and spirituality', 'career ambition', 'family'}","{'self-improvement', 'security/stability', 'travel'}",0,0,0,0,1,0,0,1,0,0,0,0,1,0,0,1,1,0,0,1,0,0,0,0,0,1,0,1,0,1,0,1,0,1,0,1,6,6,0.0,0.0
3/16/2026 10:59:24,Divorced or Annulled,20,22,"One set of parents are Married, the other Divorced",Half - One of us married before,No,Workplace,<6 months,No,Yes,Ambivalent,No - we don't,Different beliefs altogether,Yes,Both ambivalent or undecided,We both avoid discussing politics,Good,Neutral,Single income,Rarely aligned,Mixed - One of each,Yes,Somewhat,We are both indifferent or do not want pets,"Family, Adventure/Trying New Things, Faith and Spirituality","Health and Fitness, Security/Stability, Career Ambition",,2.0,2,Workplace,4,3,3.5,3,1,Good | Neutral,Neutral,Neutral,Slight mismatch (1),Mixed/neutral,0.0,1,0,1,0,0,0,"{'faith and spirituality', 'adventure/trying new things', 'family'}","{'health and fitness', 'security/stability', 'career ambition'}",1,0,0,1,0,1,0,1,0,0,0,0,1,0,0,1,1,0,0,1,0,1,0,1,0,1,0,1,0,0,0,0,0,0,0,0,6,6,0.0,0.0
2/13/2026 14:52:02,Divorced or Annulled,29,31,Both our parents are Married,Half - One of us married before,No,Online (e.g. Dating App),6 monthsâ1 year,No,Yes,"Half - One was ambivalent, one wanted marriage",Half - one of us does,Same beliefs and practices,No,Both ambivalent or undecided,We both avoid discussing politics,Neutral,Bad,Dual income,Rarely aligned,Both Introverts,No,No,"Mixed - One of us love pets, the other does not","Career Ambition, Family, Self-Improvement","Security/Stability, Family, Self-Improvement",Communication and trust,2.0,2,Dating App / Online,3,2,2.5,2,1,Neutral | Bad,Low,Low,Slight mismatch (1),Mixed/neutral,,0,2,0,0,1,0,"{'self-improvement', 'career ambition', 'family'}","{'self-improvement', 'security/stability', 'family'}",0,0,0,0,1,0,0,1,0,0,0,0,0,0,0,0,1,1,1,0,0,0,0,0,0,1,0,1,1,1,1,0,0,0,0,0,4,2,0.5,0.6666666666666666
3/15/2026 15:35:55,Divorced or Annulled,32,35,Both our parents are Married,Half - One of us married before,Yes,Family introduction,6 monthsâ1 year,No,No,Both wanted marriage,No - we don't,Different beliefs but accepting,No,Mixed views,We both avoid discussing politics,Good,Bad,Single income,"Half aligned, half in disagreement",Both Introverts,No,Somewhat,"Mixed - One of us love pets, the other does not","Health and Fitness, Travel, Adventure/Trying New Things","Adventure/Trying New Things, Career Ambition, Security/Stability",,3.0,3,Family Introduction,4,2,3.0,2,2,Good | Bad,Neutral,Low,Large mismatch (2+),Large mismatch,,0,1,0,1,0,0,"{'health and fitness', 'travel', 'adventure/trying new things'}","{'adventure/trying new things', 'security/stability', 'career ambition'}",1,1,1,0,0,1,0,1,0,0,0,0,0,0,0,0,0,0,0,0,1,0,0,1,0,1,0,1,0,0,0,0,1,0,0,1,5,4,0.2,0.3333333333333333
2/25/2026 08:15:56,Divorced or Annulled,26,27,"One set of parents are Married, the other Divorced",No,Yes,Mutual friends,<6 months,No,Yes,Both wanted marriage,Half - one of us does,Different beliefs but accepting,No,Both didn't want children,We both avoid discussing politics,Bad,Bad,Dual income,"Half aligned, half in disagreement",Mixed - One of each,No,Somewhat,We are both indifferent or do not want pets,"Career Ambition, Family, Self-Improvement","Security/Stability, Career Ambition, Travel",,1.0,1,Mutual Friends,2,2,2.0,2,0,Bad | Bad,Low,Low,Aligned (0),Both strained,0.0,0,1,0,1,0,0,"{'self-improvement', 'career ambition', 'family'}","{'security/stability', 'career ambition', 'travel'}",0,0,0,0,1,1,1,0,0,0,0,0,0,0,0,0,1,0,0,1,0,0,0,0,0,1,0,1,1,0,0,1,0,1,0,1,5,4,0.2,0.3333333333333333
2/24/2026 09:57:02,Divorced or Annulled,30,31,Both our parents are Married,No,No,School,4+ years,No,No,"Half - One was ambivalent, one wanted marriage",No - we don't,Same beliefs and practices,Yes,Both wanted children,We have different views but respect them,Neutral,Bad,Single income,Rarely aligned,Both Introverts,No,Somewhat,"Mixed - One of us love pets, the other does not","Family, Career Ambition, Security/Stability","Adventure/Trying New Things, Family, Career Ambition",,1.0,1,School,3,2,2.5,2,1,Neutral | Bad,Low,Low,Slight mismatch (1),Mixed/neutral,4.0,1,2,0,0,1,0,"{'career ambition', 'security/stability', 'family'}","{'career ambition', 'adventure/trying new things', 'family'}",0,1,0,1,1,1,1,0,0,0,0,0,0,0,0,0,1,1,1,0,0,0,0,0,1,0,0,1,0,0,0,0,0,0,0,0,4,2,0.5,0.6666666666666666
3/10/2026 10:03:41,Divorced or Annulled,35,39,Both our parents are Divorced,Half - One of us married before,Yes,School,1â2 years,No,No,Both wanted marriage,Half - one of us does,Different beliefs altogether,Yes,Mixed views,We have different views but respect them,Neutral,Very Bad,Both unemployed,"Half aligned, half in disagreement",Mixed - One of each,No,Somewhat,"Mixed - One of us love pets, the other does not","Security/Stability, Adventure/Trying New Things, Travel","Career Ambition, Security/Stability, Self-Improvement",Commitment,4.0,4,School,3,1,2.0,1,2,Neutral | Very Bad,Low,Low,Large mismatch (2+),Large mismatch,,1,1,0,1,0,0,"{'adventure/trying new things', 'security/stability', 'travel'}","{'self-improvement', 'security/stability', 'career ambition'}",1,0,0,1,0,1,0,1,0,0,0,0,0,0,0,0,0,0,0,0,0,0,0,0,1,1,1,0,0,1,0,1,1,0,0,1,5,4,0.2,0.3333333333333333
2/20/2026 08:32:05,Divorced or Annulled,30,31,Both our parents are Married,Half - One of us married before,No,At an event,2â4 years,No,No,Both wanted marriage,No - we don't,Different beliefs but accepting,Yes,Both wanted children,We both avoid discussing politics,Neutral,Neutral,Dual income,"Half aligned, half in disagreement",Mixed - One of each,No,No,We both love and/or own pets,"Security/Stability, Adventure/Trying New Things, Career Ambition","Security/Stability, Adventure/Trying New Things, Career Ambition",,1.0,1,Social / Event,3,3,3.0,3,0,Neutral | Neutral,Neutral,Neutral,Aligned (0),Mixed/neutral,,1,3,0,0,0,1,"{'adventure/trying new things', 'security/stability', 'career ambition'}","{'adventure/trying new things', 'security/stability', 'career ambition'}",1,1,1,0,1,1,1,0,0,0,0,0,0,0,0,0,0,0,0,0,0,0,0,0,1,1,1,0,0,0,0,0,0,0,0,0,3,0,1.0,1.0
2/14/2026 14:23:18,Divorced or Annulled,22,26,"One set of parents are Married, the other Divorced",No,Yes,Online (e.g. Dating App),<6 months,No,No,"Half - One was ambivalent, one wanted marriage",No - we don't,Same beliefs and practices,Yes,Both wanted children,We both avoid discussing politics,Neutral,Bad,Single income,"Half aligned, half in disagreement",Mixed - One of each,No,Somewhat,"Mixed - One of us love pets, the other does not","Travel, Career Ambition, Adventure/Trying New Things","Family, Career Ambition, Travel",,4.0,4,Dating App / Online,3,2,2.5,2,1,Neutral | Bad,Low,Low,Slight mismatch (1),Mixed/neutral,0.0,1,2,0,0,1,0,"{'career ambition', 'travel', 'adventure/trying new things'}","{'career ambition', 'travel', 'family'}",1,0,0,1,1,1,1,0,0,0,0,0,0,0,0,0,0,1,0,1,0,0,0,0,0,0,0,0,0,0,0,0,1,1,1,0,4,2,0.5,0.6666666666666666
2/20/2026 21:35:45,Divorced or Annulled,25,25,Both our parents are Married,Half - One of us married before,Yes,Mutual friends,4+ years,No,No,Both wanted marriage,Half - one of us does,Different beliefs altogether,No,Both didn't want children,Our different views cause conflict,Neutral,Neutral,Dual income,Rarely aligned,Mixed - One of each,No,Somewhat,We are both indifferent or do not want pets,"Health and Fitness, Travel, Community","Travel, Health and Fitness, Career Ambition",,0.0,0,Mutual Friends,3,3,3.0,3,0,Neutral | Neutral,Neutral,Neutral,Aligned (0),Mixed/neutral,4.0,0,2,0,0,1,0,"{'health and fitness', 'travel', 'community'}","{'career ambition', 'health and fitness', 'travel'}",0,0,0,0,0,1,0,1,1,0,0,1,0,0,0,0,0,0,0,0,1,1,1,0,0,0,0,0,0,0,0,0,1,1,1,0,4,2,0.5,0.6666666666666666
3/8/2026 14:17:10,Divorced or Annulled,29,30,Both our parents are Divorced,Half - One of us married before,No,Religious Place of Worship,1â2 years,No,Yes,Both wanted marriage,Yes - we both do,Same beliefs and practices,Yes,Both didn't want children,Our different views cause conflict,Neutral,Bad,Dual income,Rarely aligned,Mixed - One of each,No,Somewhat,"Mixed - One of us love pets, the other does not","Career Ambition, Health and Fitness, Faith and Spirituality","Career Ambition, Security/Stability, Travel",,1.0,1,Religious Community,3,2,2.5,2,1,Neutral | Bad,Low,Low,Slight mismatch (1),Mixed/neutral,,1,1,0,1,0,0,"{'faith and spirituality', 'health and fitness', 'career ambition'}","{'security/stability', 'career ambition', 'travel'}",0,0,0,0,1,1,1,0,0,0,0,0,1,0,0,1,0,0,0,0,1,0,0,1,0,1,0,1,0,0,0,0,0,1,0,1,5,4,0.2,0.3333333333333333
3/9/2026 23:07:24,Divorced or Annulled,31,32,Both our parents are Married,No,No,Family introduction,2â4 years,Yes,Yes,Both wanted marriage,Half - one of us does,Different beliefs altogether,No,Mixed views,We both avoid discussing politics,Good,Very Bad,Single income,"Half aligned, half in disagreement",Mixed - One of each,No,Somewhat,We are both indifferent or do not want pets,"Security/Stability, Family, Travel","Career Ambition, Security/Stability, Adventure/Trying New Things",,1.0,1,Family Introduction,4,1,2.5,1,3,Good | Very Bad,Low,Low,Large mismatch (2+),Large mismatch,,0,1,0,1,0,0,"{'security/stability', 'family', 'travel'}","{'adventure/trying new things', 'security/stability', 'career ambition'}",0,1,0,1,0,1,0,1,0,0,0,0,0,0,0,0,1,0,0,1,0,0,0,0,1,1,1,0,0,0,0,0,1,0,0,1,5,4,0.2,0.3333333333333333
3/1/2026 16:13:27,Divorced or Annulled,29,32,Both our parents are Married,No,No,Mutual friends,4+ years,Yes,Yes,"Half - One was ambivalent, one wanted marriage",Half - one of us does,Different beliefs but accepting,Yes,Both wanted children,Our different views cause conflict,Neutral,Neutral,Single income,Mostly aligned,Both Introverts,No,Somewhat,"Mixed - One of us love pets, the other does not","Adventure/Trying New Things, Travel, Security/Stability","Self-Improvement, Faith and Spirituality, Adventure/Trying New Things",,3.0,3,Mutual Friends,3,3,3.0,3,0,Neutral | Neutral,Neutral,Neutral,Aligned (0),Mixed/neutral,4.0,1,1,0,1,0,0,"{'adventure/trying new things', 'security/stability', 'travel'}","{'faith and spirituality', 'self-improvement', 'adventure/trying new things'}",1,1,1,0,0,0,0,0,0,0,0,0,0,1,0,1,0,0,0,0,0,0,0,0,1,0,0,1,0,1,0,1,1,0,0,1,5,4,0.2,0.3333333333333333
2/10/2026 10:49:27,Divorced or Annulled,22,26,"One set of parents are Married, the other Divorced",No,No,Clubbing,<6 months,No,No,"Half - One was ambivalent, one wanted marriage",Half - one of us does,Same beliefs but different practices,No,Both wanted children,We both avoid discussing politics,Very Bad,Neutral,Both unemployed,"Half aligned, half in disagreement",Both Introverts,No,Somewhat,"Mixed - One of us love pets, the other does not","Travel, Family, Self-Improvement","Adventure/Trying New Things, Family, Security/Stability",,4.0,4,Social / Event,1,3,2.0,1,2,Very Bad | Neutral,Low,Low,Large mismatch (2+),Large mismatch,0.0,0,1,0,1,0,0,"{'self-improvement', 'travel', 'family'}","{'adventure/trying new things', 'security/stability', 'family'}",0,1,0,1,0,0,0,0,0,0,0,0,0,0,0,0,1,1,1,0,0,0,0,0,0,1,0,1,1,0,0,1,1,0,0,1,5,4,0.2,0.3333333333333333
2/25/2026 15:21:20,Divorced or Annulled,30,31,Both our parents are Married,No,No,Workplace,1â2 years,No,No,Both wanted marriage,No - we don't,Same beliefs but different practices,No,Both didn't want children,We share the same views,Very Bad,Bad,Single income,Rarely aligned,Mixed - One of each,No,No,"Mixed - One of us love pets, the other does not","Adventure/Trying New Things, Self-Improvement, Travel","Health and Fitness, Adventure/Trying New Things, Family",Respect,1.0,1,Workplace,1,2,1.5,1,1,Very Bad | Bad,Low,Low,Slight mismatch (1),Both strained,,0,1,0,1,0,0,"{'adventure/trying new things', 'self-improvement', 'travel'}","{'health and fitness', 'family', 'adventure/trying new things'}",1,1,1,0,0,0,0,0,0,0,0,0,0,0,0,0,0,1,0,1,0,1,0,1,0,0,0,0,1,0,0,1,1,0,0,1,5,4,0.2,0.3333333333333333
2/11/2026 19:21:42,Divorced or Annulled,27,29,Both our parents are Married,No,No,Online (e.g. Dating App),<6 months,No,No,Both wanted marriage,No - we don't,Same beliefs and practices,Yes,Both wanted children,We have different views but respect them,Neutral,Neutral,Single income,"Half aligned, half in disagreement",Mixed - One of each,No,Somewhat,We both love and/or own pets,"Career Ambition, Security/Stability, Community","Faith and Spirituality, Self-Improvement, Travel",,2.0,2,Dating App / Online,3,3,3.0,3,0,Neutral | Neutral,Neutral,Neutral,Aligned (0),Mixed/neutral,0.0,1,0,1,0,0,0,"{'community', 'security/stability', 'career ambition'}","{'faith and spirituality', 'self-improvement', 'travel'}",0,0,0,0,1,0,0,1,1,0,0,1,0,1,0,1,0,0,0,0,0,0,0,0,1,0,0,1,0,1,0,1,0,1,0,1,6,6,0.0,0.0
2/11/2026 14:12:53,Divorced or Annulled,19,20,Both our parents are Married,No,No,Workplace,2â4 years,No,No,"Half - One was ambivalent, one wanted marriage",No - we don't,Same beliefs and practices,No,Both didn't want children,We have different views but respect them,Very Good,Neutral,Single income,Rarely aligned,Mixed - One of each,No,Yes,"Mixed - One of us love pets, the other does not","Security/Stability, Career Ambition, Travel","Travel, Security/Stability, Career Ambition",,1.0,1,Workplace,5,3,4.0,3,2,Very Good | Neutral,High,Neutral,Large mismatch (2+),Large mismatch,,0,3,0,0,0,1,"{'security/stability', 'career ambition', 'travel'}","{'career ambition', 'security/stability', 'travel'}",0,0,0,0,1,1,1,0,0,0,0,0,0,0,0,0,0,0,0,0,0,0,0,0,1,1,1,0,0,0,0,0,1,1,1,0,3,0,1.0,1.0
3/4/2026 20:42:23,Divorced or Annulled,20,23,Both our parents are Married,No,No,Mutual friends,1â2 years,Yes,No,Both wanted marriage,Half - one of us does,Different beliefs but accepting,Yes,Mixed views,Our different views cause conflict,Bad,Neutral,Single income,"Half aligned, half in disagreement",Mixed - One of each,No,No,We are both indifferent or do not want pets,"Adventure/Trying New Things, Self-Improvement, Security/Stability","Security/Stability, Family, Adventure/Trying New Things",,3.0,3,Mutual Friends,2,3,2.5,2,1,Bad | Neutral,Low,Low,Slight mismatch (1),Mixed/neutral,,1,2,0,0,1,0,"{'security/stability', 'adventure/trying new things', 'self-improvement'}","{'adventure/trying new things', 'security/stability', 'family'}",1,1,1,0,0,0,0,0,0,0,0,0,0,0,0,0,0,1,0,1,0,0,0,0,1,1,1,0,1,0,0,1,0,0,0,0,4,2,0.5,0.6666666666666666
2/21/2026 22:13:22,Divorced or Annulled,29,31,Both our parents are Divorced,No,No,School,4+ years,No,Yes,Both wanted marriage,No - we don't,Different beliefs but accepting,Yes,Both ambivalent or undecided,We both avoid discussing politics,Good,Neutral,Single income,"Half aligned, half in disagreement",Mixed - One of each,No,Somewhat,We are both indifferent or do not want pets,"Self-Improvement, Family, Security/Stability","Family, Faith and Spirituality, Career Ambition",,2.0,2,School,4,3,3.5,3,1,Good | Neutral,Neutral,Neutral,Slight mismatch (1),Mixed/neutral,4.0,1,1,0,1,0,0,"{'self-improvement', 'security/stability', 'family'}","{'career ambition', 'faith and spirituality', 'family'}",0,0,0,0,0,1,0,1,0,0,0,0,0,1,0,1,1,1,1,0,0,0,0,0,1,0,0,1,1,0,0,1,0,0,0,0,5,4,0.2,0.3333333333333333
3/2/2026 10:47:34,Divorced or Annulled,32,35,Both our parents are Married,No,No,Online (e.g. Dating App),4+ years,No,Yes,"Half - One was ambivalent, one wanted marriage",Half - one of us does,Same beliefs but different practices,Yes,Mixed views,We have different views but respect them,Very Good,Good,Dual income,Rarely aligned,Mixed - One of each,No,Somewhat,We both love and/or own pets,"Family, Security/Stability, Faith and Spirituality","Community, Family, Travel",,3.0,3,Dating App / Online,5,4,4.5,4,1,Very Good | Good,High,High,Slight mismatch (1),Both positive,4.0,1,1,0,1,0,0,"{'faith and spirituality', 'security/stability', 'family'}","{'travel', 'community', 'family'}",0,0,0,0,0,0,0,0,0,1,0,1,1,0,0,1,1,1,1,0,0,0,0,0,1,0,0,1,0,0,0,0,0,1,0,1,5,4,0.2,0.3333333333333333
2/14/2026 19:31:04,Divorced or Annulled,26,29,Both our parents are Married,No,Yes,School,6 monthsâ1 year,No,No,"Half - One was ambivalent, one wanted marriage",No - we don't,Different beliefs but accepting,Yes,Both didn't want children,We have different views but respect them,Bad,Neutral,Single income,Mostly aligned,Mixed - One of each,Yes,No,We are both indifferent or do not want pets,"Family, Career Ambition, Adventure/Trying New Things","Security/Stability, Career Ambition, Adventure/Trying New Things",Respect,3.0,3,School,2,3,2.5,2,1,Bad | Neutral,Low,Low,Slight mismatch (1),Mixed/neutral,,1,2,0,0,1,0,"{'career ambition', 'family', 'adventure/trying new things'}","{'adventure/trying new things', 'security/stability', 'career ambition'}",1,1,1,0,1,1,1,0,0,0,0,0,0,0,0,0,1,0,0,1,0,0,0,0,0,1,0,1,0,0,0,0,0,0,0,0,4,2,0.5,0.6666666666666666
2/28/2026 08:14:18,Divorced or Annulled,28,31,"One set of parents are Married, the other Divorced",No,Yes,Family introduction,2â4 years,No,Yes,Both wanted marriage,Half - one of us does,Different beliefs but accepting,No,Mixed views,We share the same views,Good,Neutral,Single income,"Half aligned, half in disagreement",Mixed - One of each,Yes,No,"Mixed - One of us love pets, the other does not","Health and Fitness, Adventure/Trying New Things, Faith and Spirituality","Career Ambition, Family, Security/Stability",,3.0,3,Family Introduction,4,3,3.5,3,1,Good | Neutral,Neutral,Neutral,Slight mismatch (1),Mixed/neutral,,0,0,1,0,0,0,"{'faith and spirituality', 'health and fitness', 'adventure/trying new things'}","{'security/stability', 'career ambition', 'family'}",1,0,0,1,0,1,0,1,0,0,0,0,1,0,0,1,0,1,0,1,1,0,0,1,0,1,0,1,0,0,0,0,0,0,0,0,6,6,0.0,0.0
3/20/2026 15:01:05,Divorced or Annulled,22,25,Both our parents are Divorced,No,No,Family introduction,4+ years,No,Yes,Both wanted marriage,Half - one of us does,Same beliefs but different practices,Yes,Both didn't want children,We have different views but respect them,Bad,Very Bad,Single income,"Half aligned, half in disagreement",Mixed - One of each,Yes,Somewhat,We are both indifferent or do not want pets,"Adventure/Trying New Things, Self-Improvement, Family","Self-Improvement, Career Ambition, Family",,3.0,3,Family Introduction,2,1,1.5,1,1,Bad | Very Bad,Low,Low,Slight mismatch (1),Both strained,4.0,1,2,0,0,1,0,"{'adventure/trying new things', 'self-improvement', 'family'}","{'self-improvement', 'career ambition', 'family'}",1,0,0,1,0,1,0,1,0,0,0,0,0,0,0,0,1,1,1,0,0,0,0,0,0,0,0,0,1,1,1,0,0,0,0,0,4,2,0.5,0.6666666666666666
3/2/2026 10:49:25,Divorced or Annulled,30,34,Both our parents are Married,Half - One of us married before,No,School,1â2 years,No,No,Both wanted marriage,Yes - we both do,Same beliefs and practices,Yes,Both wanted children,Our different views cause conflict,Neutral,Very Good,Single income,Rarely aligned,Mixed - One of each,No,Yes,We are both indifferent or do not want pets,"Family, Travel, Career Ambition","Community, Security/Stability, Career Ambition",,4.0,4,School,3,5,4.0,3,2,Neutral | Very Good,High,Neutral,Large mismatch (2+),Large mismatch,,1,1,0,1,0,0,"{'career ambition', 'travel', 'family'}","{'career ambition', 'security/stability', 'community'}",0,0,0,0,1,1,1,0,0,1,0,1,0,0,0,0,1,0,0,1,0,0,0,0,0,1,0,1,0,0,0,0,1,0,0,1,5,4,0.2,0.3333333333333333
3/14/2026 15:26:53,Divorced or Annulled,25,27,"One set of parents are Married, the other Divorced",No,No,Online (e.g. Dating App),2â4 years,No,No,"Half - One was ambivalent, one wanted marriage",No - we don't,Same beliefs but different practices,No,Both wanted children,We share the same views,Bad,Very Bad,Single income,"Half aligned, half in disagreement",Mixed - One of each,No,Somewhat,We are both indifferent or do not want pets,"Self-Improvement, Faith and Spirituality, Health and Fitness","Travel, Community, Career Ambition",Communication,2.0,2,Dating App / Online,2,1,1.5,1,1,Bad | Very Bad,Low,Low,Slight mismatch (1),Both strained,,0,0,1,0,0,0,"{'faith and spirituality', 'self-improvement', 'health and fitness'}","{'career ambition', 'community', 'travel'}",0,0,0,0,0,1,0,1,0,1,0,1,1,0,0,1,0,0,0,0,1,0,0,1,0,0,0,0,1,0,0,1,0,1,0,1,6,6,0.0,0.0
2/24/2026 20:02:20,Divorced or Annulled,28,31,"One set of parents are Married, the other Divorced",No,No,Religious Place of Worship,4+ years,No,No,"Half - One was ambivalent, one wanted marriage",Half - one of us does,Different beliefs altogether,No,Both wanted children,We both avoid discussing politics,Neutral,Bad,Single income,"Half aligned, half in disagreement",Both Introverts,No,No,We are both indifferent or do not want pets,"Security/Stability, Self-Improvement, Travel","Travel, Health and Fitness, Family",,3.0,3,Religious Community,3,2,2.5,2,1,Neutral | Bad,Low,Low,Slight mismatch (1),Mixed/neutral,4.0,0,1,0,1,0,0,"{'self-improvement', 'security/stability', 'travel'}","{'health and fitness', 'travel', 'family'}",0,0,0,0,0,0,0,0,0,0,0,0,0,0,0,0,0,1,0,1,0,1,0,1,1,0,0,1,1,0,0,1,1,1,1,0,5,4,0.2,0.3333333333333333
3/22/2026 22:55:34,Divorced or Annulled,19,20,"One set of parents are Married, the other Divorced",Half - One of us married before,Yes,Family introduction,1â2 years,No,Yes,Ambivalent,Half - one of us does,Different beliefs but accepting,No,Both wanted children,We both avoid discussing politics,Neutral,Neutral,Dual income,"Half aligned, half in disagreement",Mixed - One of each,No,Somewhat,We both love and/or own pets,"Travel, Security/Stability, Family","Health and Fitness, Career Ambition, Security/Stability",,1.0,1,Family Introduction,3,3,3.0,3,0,Neutral | Neutral,Neutral,Neutral,Aligned (0),Mixed/neutral,,0,1,0,1,0,0,"{'security/stability', 'travel', 'family'}","{'health and fitness', 'security/stability', 'career ambition'}",0,0,0,0,0,1,0,1,0,0,0,0,0,0,0,0,1,0,0,1,0,1,0,1,1,1,1,0,0,0,0,0,1,0,0,1,5,4,0.2,0.3333333333333333
3/11/2026 15:42:00,Divorced or Annulled,31,33,Both our parents are Married,No,No,At an event,4+ years,No,Yes,"Half - One was ambivalent, one wanted marriage",Half - one of us does,Same beliefs but different practices,No,Both didn't want children,We have different views but respect them,Neutral,Neutral,Dual income,"Half aligned, half in disagreement",Both Introverts,No,Somewhat,We both love and/or own pets,"Travel, Self-Improvement, Community","Health and Fitness, Self-Improvement, Travel",,2.0,2,Social / Event,3,3,3.0,3,0,Neutral | Neutral,Neutral,Neutral,Aligned (0),Mixed/neutral,4.0,0,2,0,0,1,0,"{'self-improvement', 'travel', 'community'}","{'health and fitness', 'self-improvement', 'travel'}",0,0,0,0,0,0,0,0,1,0,0,1,0,0,0,0,0,0,0,0,0,1,0,1,0,0,0,0,1,1,1,0,1,1,1,0,4,2,0.5,0.6666666666666666
2/24/2026 18:14:40,Divorced or Annulled,22,24,"One set of parents are Married, the other Divorced",No,No,School,<6 months,No,No,"Half - One was ambivalent, one wanted marriage",Yes - we both do,Same beliefs but different practices,Yes,Both didn't want children,We have different views but respect them,Neutral,Neutral,Single income,Rarely aligned,Mixed - One of each,No,Somewhat,We are both indifferent or do not want pets,"Travel, Health and Fitness, Community","Family, Health and Fitness, Travel",Communication and trust,2.0,2,School,3,3,3.0,3,0,Neutral | Neutral,Neutral,Neutral,Aligned (0),Mixed/neutral,0.0,1,2,0,0,1,0,"{'health and fitness', 'travel', 'community'}","{'health and fitness', 'travel', 'family'}",0,0,0,0,0,0,0,0,1,0,0,1,0,0,0,0,0,1,0,1,1,1,1,0,0,0,0,0,0,0,0,0,1,1,1,0,4,2,0.5,0.6666666666666666
2/14/2026 11:48:14,Divorced or Annulled,30,33,Both our parents are Divorced,Half - One of us married before,Yes,Workplace,4+ years,No,No,Both wanted marriage,No - we don't,Different beliefs but accepting,Yes,Mixed views,Our different views cause conflict,Good,Neutral,Dual income,Rarely aligned,Mixed - One of each,No,Somewhat,We both love and/or own pets,"Travel, Self-Improvement, Family","Adventure/Trying New Things, Career Ambition, Community",,3.0,3,Workplace,4,3,3.5,3,1,Good | Neutral,Neutral,Neutral,Slight mismatch (1),Mixed/neutral,4.0,1,0,1,0,0,0,"{'self-improvement', 'travel', 'family'}","{'adventure/trying new things', 'career ambition', 'community'}",0,1,0,1,0,1,0,1,0,1,0,1,0,0,0,0,1,0,0,1,0,0,0,0,0,0,0,0,1,0,0,1,1,0,0,1,6,6,0.0,0.0
3/13/2026 10:06:15,Divorced or Annulled,30,31,"One set of parents are Married, the other Divorced",No,Yes,At an event,1â2 years,No,No,Both wanted marriage,Yes - we both do,Same beliefs but different practices,Yes,Both didn't want children,We share the same views,Neutral,Neutral,Both unemployed,Rarely aligned,Both Introverts,No,Somewhat,"Mixed - One of us love pets, the other does not","Faith and Spirituality, Adventure/Trying New Things, Career Ambition","Career Ambition, Health and Fitness, Security/Stability",,1.0,1,Social / Event,3,3,3.0,3,0,Neutral | Neutral,Neutral,Neutral,Aligned (0),Mixed/neutral,,1,1,0,1,0,0,"{'faith and spirituality', 'career ambition', 'adventure/trying new things'}","{'health and fitness', 'security/stability', 'career ambition'}",1,0,0,1,1,1,1,0,0,0,0,0,1,0,0,1,0,0,0,0,0,1,0,1,0,1,0,1,0,0,0,0,0,0,0,0,5,4,0.2,0.3333333333333333
3/22/2026 07:03:50,Divorced or Annulled,24,29,"One set of parents are Married, the other Divorced",No,Yes,Mutual friends,2â4 years,No,No,"Half - One was ambivalent, one wanted marriage",No - we don't,Different beliefs but accepting,Yes,Both didn't want children,Our different views cause conflict,Neutral,Bad,Dual income,Rarely aligned,Both Introverts,No,No,We are both indifferent or do not want pets,"Career Ambition, Faith and Spirituality, Family","Adventure/Trying New Things, Career Ambition, Family",Communication and trust,5.0,5,Mutual Friends,3,2,2.5,2,1,Neutral | Bad,Low,Low,Slight mismatch (1),Mixed/neutral,,1,2,0,0,1,0,"{'faith and spirituality', 'career ambition', 'family'}","{'adventure/trying new things', 'career ambition', 'family'}",0,1,0,1,1,1,1,0,0,0,0,0,1,0,0,1,1,1,1,0,0,0,0,0,0,0,0,0,0,0,0,0,0,0,0,0,4,2,0.5,0.6666666666666666
3/5/2026 23:37:06,Divorced or Annulled,25,27,"One set of parents are Married, the other Divorced",No,Yes,Online (e.g. Dating App),6 monthsâ1 year,No,No,Ambivalent,No - we don't,Same beliefs but different practices,Yes,Mixed views,We have different views but respect them,Very Bad,Neutral,Dual income,Mostly aligned,Mixed - One of each,No,No,We are both indifferent or do not want pets,"Security/Stability, Family, Adventure/Trying New Things","Adventure/Trying New Things, Travel, Career Ambition",,2.0,2,Dating App / Online,1,3,2.0,1,2,Very Bad | Neutral,Low,Low,Large mismatch (2+),Large mismatch,,1,1,0,1,0,0,"{'adventure/trying new things', 'security/stability', 'family'}","{'career ambition', 'adventure/trying new things', 'travel'}",1,1,1,0,0,1,0,1,0,0,0,0,0,0,0,0,1,0,0,1,0,0,0,0,1,0,0,1,0,0,0,0,0,1,0,1,5,4,0.2,0.3333333333333333
3/9/2026 21:56:14,Divorced or Annulled,25,29,Both our parents are Married,No,No,Workplace,6 monthsâ1 year,Yes,Yes,Both wanted marriage,Yes - we both do,Same beliefs and practices,Yes,Mixed views,We have different views but respect them,Good,Good,Both unemployed,"Half aligned, half in disagreement",Mixed - One of each,No,No,"Mixed - One of us love pets, the other does not","Adventure/Trying New Things, Health and Fitness, Career Ambition","Family, Adventure/Trying New Things, Career Ambition",Commitment,4.0,4,Workplace,4,4,4.0,4,0,Good | Good,High,High,Aligned (0),Both positive,,1,2,0,0,1,0,"{'adventure/trying new things', 'career ambition', 'health and fitness'}","{'career ambition', 'adventure/trying new things', 'family'}",1,1,1,0,1,1,1,0,0,0,0,0,0,0,0,0,0,1,0,1,1,0,0,1,0,0,0,0,0,0,0,0,0,0,0,0,4,2,0.5,0.6666666666666666
2/23/2026 11:42:30,Divorced or Annulled,22,23,"One set of parents are Married, the other Divorced",No,Yes,Mutual friends,4+ years,No,Yes,"Half - One was ambivalent, one wanted marriage",No - we don't,Different beliefs but accepting,Yes,Both didn't want children,We both avoid discussing politics,Neutral,Neutral,Single income,"Half aligned, half in disagreement",Mixed - One of each,Yes,No,We are both indifferent or do not want pets,"Faith and Spirituality, Career Ambition, Self-Improvement","Career Ambition, Travel, Faith and Spirituality",Trust,1.0,1,Mutual Friends,3,3,3.0,3,0,Neutral | Neutral,Neutral,Neutral,Aligned (0),Mixed/neutral,4.0,1,2,0,0,1,0,"{'faith and spirituality', 'self-improvement', 'career ambition'}","{'faith and spirituality', 'travel', 'career ambition'}",0,0,0,0,1,1,1,0,0,0,0,0,1,1,1,0,0,0,0,0,0,0,0,0,0,0,0,0,1,0,0,1,0,1,0,1,4,2,0.5,0.6666666666666666
3/11/2026 17:10:23,Divorced or Annulled,23,25,Both our parents are Divorced,No,Yes,School,4+ years,No,No,Both wanted marriage,Half - one of us does,Different beliefs but accepting,Yes,Both wanted children,We both avoid discussing politics,Neutral,Good,Single income,"Half aligned, half in disagreement",Mixed - One of each,No,Somewhat,"Mixed - One of us love pets, the other does not","Career Ambition, Faith and Spirituality, Health and Fitness","Self-Improvement, Travel, Family",,2.0,2,School,3,4,3.5,3,1,Neutral | Good,Neutral,Neutral,Slight mismatch (1),Mixed/neutral,4.0,1,0,1,0,0,0,"{'faith and spirituality', 'career ambition', 'health and fitness'}","{'self-improvement', 'travel', 'family'}",0,0,0,0,1,0,0,1,0,0,0,0,1,0,0,1,0,1,0,1,1,0,0,1,0,0,0,0,0,1,0,1,0,1,0,1,6,6,0.0,0.0
2/10/2026 22:47:27,Divorced or Annulled,22,24,"One set of parents are Married, the other Divorced",No,Yes,Family introduction,<6 months,Yes,No,Both wanted marriage,No - we don't,Different beliefs altogether,Yes,Both ambivalent or undecided,We both avoid discussing politics,Neutral,Good,Dual income,"Half aligned, half in disagreement",Mixed - One of each,No,No,"Mixed - One of us love pets, the other does not","Career Ambition, Travel, Faith and Spirituality","Security/Stability, Adventure/Trying New Things, Family",,2.0,2,Family Introduction,3,4,3.5,3,1,Neutral | Good,Neutral,Neutral,Slight mismatch (1),Mixed/neutral,0.0,1,0,1,0,0,0,"{'faith and spirituality', 'travel', 'career ambition'}","{'adventure/trying new things', 'security/stability', 'family'}",0,1,0,1,1,0,0,1,0,0,0,0,1,0,0,1,0,1,0,1,0,0,0,0,0,1,0,1,0,0,0,0,1,0,0,1,6,6,0.0,0.0
3/3/2026 14:21:49,Divorced or Annulled,22,25,Both our parents are Married,No,Yes,Workplace,2â4 years,No,Yes,Both wanted marriage,Half - one of us does,Same beliefs and practices,Yes,Mixed views,We both avoid discussing politics,Good,Bad,Single income,Rarely aligned,Mixed - One of each,No,No,We are both indifferent or do not want pets,"Security/Stability, Adventure/Trying New Things, Travel","Security/Stability, Career Ambition, Family",Communication and trust,3.0,3,Workplace,4,2,3.0,2,2,Good | Bad,Neutral,Low,Large mismatch (2+),Large mismatch,,1,1,0,1,0,0,"{'adventure/trying new things', 'security/stability', 'travel'}","{'security/stability', 'career ambition', 'family'}",1,0,0,1,0,1,0,1,0,0,0,0,0,0,0,0,0,1,0,1,0,0,0,0,1,1,1,0,0,0,0,0,1,0,0,1,5,4,0.2,0.3333333333333333
3/22/2026 16:50:17,Divorced or Annulled,26,28,Both our parents are Married,No,No,Workplace,6 monthsâ1 year,No,Yes,Both wanted marriage,Half - one of us does,Same beliefs but different practices,Yes,Both didn't want children,We both avoid discussing politics,Very Good,Very Bad,Single income,"Half aligned, half in disagreement",Mixed - One of each,No,No,We are both indifferent or do not want pets,"Self-Improvement, Travel, Community","Career Ambition, Self-Improvement, Family",Communication and trust,2.0,2,Workplace,5,1,3.0,1,4,Very Good | Very Bad,Neutral,Low,Large mismatch (2+),Large mismatch,,1,1,0,1,0,0,"{'self-improvement', 'travel', 'community'}","{'self-improvement', 'career ambition', 'family'}",0,0,0,0,0,1,0,1,1,0,0,1,0,0,0,0,0,1,0,1,0,0,0,0,0,0,0,0,1,1,1,0,1,0,0,1,5,4,0.2,0.3333333333333333
3/10/2026 23:33:39,Divorced or Annulled,22,24,Both our parents are Married,No,No,Online (e.g. Dating App),4+ years,No,No,Both wanted marriage,No - we don't,Same beliefs and practices,No,Mixed views,Our different views cause conflict,Very Bad,Neutral,Single income,Mostly aligned,Mixed - One of each,No,No,We are both indifferent or do not want pets,"Security/Stability, Health and Fitness, Family","Faith and Spirituality, Travel, Self-Improvement",Commitment,2.0,2,Dating App / Online,1,3,2.0,1,2,Very Bad | Neutral,Low,Low,Large mismatch (2+),Large mismatch,4.0,0,0,1,0,0,0,"{'health and fitness', 'security/stability', 'family'}","{'faith and spirituality', 'self-improvement', 'travel'}",0,0,0,0,0,0,0,0,0,0,0,0,0,1,0,1,1,0,0,1,1,0,0,1,1,0,0,1,0,1,0,1,0,1,0,1,6,6,0.0,0.0
2/15/2026 20:32:23,Divorced or Annulled,19,21,Both our parents are Divorced,No,Yes,Workplace,4+ years,No,No,"Half - One was ambivalent, one wanted marriage",Half - one of us does,Different beliefs but accepting,No,Both ambivalent or undecided,We both avoid discussing politics,Very Bad,Bad,Single income,"Half aligned, half in disagreement",Both Introverts,No,Somewhat,"Mixed - One of us love pets, the other does not","Self-Improvement, Career Ambition, Adventure/Trying New Things","Self-Improvement, Community, Security/Stability",Communication and trust,2.0,2,Workplace,1,2,1.5,1,1,Very Bad | Bad,Low,Low,Slight mismatch (1),Both strained,4.0,0,1,0,1,0,0,"{'self-improvement', 'career ambition', 'adventure/trying new things'}","{'self-improvement', 'security/stability', 'community'}",1,0,0,1,1,0,0,1,0,1,0,1,0,0,0,0,0,0,0,0,0,0,0,0,0,1,0,1,1,1,1,0,0,0,0,0,5,4,0.2,0.3333333333333333
2/24/2026 14:19:51,Divorced or Annulled,29,34,Both our parents are Married,No,No,Mutual friends,4+ years,No,No,Both wanted marriage,Half - one of us does,Same beliefs and practices,Yes,Both didn't want children,We share the same views,Neutral,Neutral,Both unemployed,Rarely aligned,Mixed - One of each,Yes,Yes,We are both indifferent or do not want pets,"Adventure/Trying New Things, Security/Stability, Travel","Career Ambition, Health and Fitness, Travel",,5.0,5,Mutual Friends,3,3,3.0,3,0,Neutral | Neutral,Neutral,Neutral,Aligned (0),Mixed/neutral,4.0,1,1,0,1,0,0,"{'adventure/trying new things', 'security/stability', 'travel'}","{'health and fitness', 'travel', 'career ambition'}",1,0,0,1,0,1,0,1,0,0,0,0,0,0,0,0,0,0,0,0,0,1,0,1,1,0,0,1,0,0,0,0,1,1,1,0,5,4,0.2,0.3333333333333333
2/11/2026 20:03:25,Divorced or Annulled,25,27,Both our parents are Divorced,No,No,At an event,4+ years,No,Yes,Both wanted marriage,Half - one of us does,Different beliefs altogether,Yes,Both wanted children,We both avoid discussing politics,Neutral,Very Good,Dual income,"Half aligned, half in disagreement",Mixed - One of each,No,No,We are both indifferent or do not want pets,"Career Ambition, Adventure/Trying New Things, Faith and Spirituality","Career Ambition, Security/Stability, Health and Fitness",Communication and trust,2.0,2,Social / Event,3,5,4.0,3,2,Neutral | Very Good,High,Neutral,Large mismatch (2+),Large mismatch,4.0,1,1,0,1,0,0,"{'faith and spirituality', 'adventure/trying new things', 'career ambition'}","{'health and fitness', 'security/stability', 'career ambition'}",1,0,0,1,1,1,1,0,0,0,0,0,1,0,0,1,0,0,0,0,0,1,0,1,0,1,0,1,0,0,0,0,0,0,0,0,5,4,0.2,0.3333333333333333
2/14/2026 10:53:57,Divorced or Annulled,25,28,"One set of parents are Married, the other Divorced",No,Yes,Workplace,<6 months,No,No,Both wanted marriage,No - we don't,Different beliefs but accepting,Yes,Both didn't want children,We both avoid discussing politics,Bad,Bad,Dual income,Rarely aligned,Both Introverts,No,Somewhat,"Mixed - One of us love pets, the other does not","Faith and Spirituality, Career Ambition, Adventure/Trying New Things","Security/Stability, Career Ambition, Self-Improvement",,3.0,3,Workplace,2,2,2.0,2,0,Bad | Bad,Low,Low,Aligned (0),Both strained,0.0,1,1,0,1,0,0,"{'faith and spirituality', 'career ambition', 'adventure/trying new things'}","{'self-improvement', 'security/stability', 'career ambition'}",1,0,0,1,1,1,1,0,0,0,0,0,1,0,0,1,0,0,0,0,0,0,0,0,0,1,0,1,0,1,0,1,0,0,0,0,5,4,0.2,0.3333333333333333
2/18/2026 08:22:34,Divorced or Annulled,24,27,"One set of parents are Married, the other Divorced",No,Yes,Mutual friends,6 monthsâ1 year,No,Yes,Ambivalent,Yes - we both do,Same beliefs and practices,No,Both didn't want children,We have different views but respect them,Neutral,Neutral,Single income,"Half aligned, half in disagreement",Both Introverts,No,Somewhat,"Mixed - One of us love pets, the other does not","Career Ambition, Self-Improvement, Faith and Spirituality","Travel, Adventure/Trying New Things, Family",Communication and trust,3.0,3,Mutual Friends,3,3,3.0,3,0,Neutral | Neutral,Neutral,Neutral,Aligned (0),Mixed/neutral,,0,0,1,0,0,0,"{'faith and spirituality', 'self-improvement', 'career ambition'}","{'adventure/trying new things', 'travel', 'family'}",0,1,0,1,1,0,0,1,0,0,0,0,1,0,0,1,0,1,0,1,0,0,0,0,0,0,0,0,1,0,0,1,0,1,0,1,6,6,0.0,0.0
3/6/2026 17:11:31,Divorced or Annulled,27,29,"One set of parents are Married, the other Divorced",No,No,Workplace,1â2 years,Yes,No,Both wanted marriage,Half - one of us does,Same beliefs but different practices,Yes,Both wanted children,We both avoid discussing politics,Good,Neutral,Single income,Rarely aligned,Mixed - One of each,No,Somewhat,We are both indifferent or do not want pets,"Self-Improvement, Career Ambition, Security/Stability","Adventure/Trying New Things, Security/Stability, Travel",,2.0,2,Workplace,4,3,3.5,3,1,Good | Neutral,Neutral,Neutral,Slight mismatch (1),Mixed/neutral,,1,1,0,1,0,0,"{'self-improvement', 'security/stability', 'career ambition'}","{'adventure/trying new things', 'security/stability', 'travel'}",0,1,0,1,1,0,0,1,0,0,0,0,0,0,0,0,0,0,0,0,0,0,0,0,1,1,1,0,1,0,0,1,0,1,0,1,5,4,0.2,0.3333333333333333
2/11/2026 11:54:38,Divorced or Annulled,27,29,Both our parents are Married,No,No,Workplace,4+ years,No,No,Both wanted marriage,Half - one of us does,Same beliefs but different practices,Yes,Both wanted children,We have different views but respect them,Neutral,Neutral,Both unemployed,Mostly aligned,Both Introverts,No,No,We both love and/or own pets,"Self-Improvement, Security/Stability, Career Ambition","Security/Stability, Self-Improvement, Community",,2.0,2,Workplace,3,3,3.0,3,0,Neutral | Neutral,Neutral,Neutral,Aligned (0),Mixed/neutral,4.0,1,2,0,0,1,0,"{'self-improvement', 'security/stability', 'career ambition'}","{'self-improvement', 'security/stability', 'community'}",0,0,0,0,1,0,0,1,0,1,0,1,0,0,0,0,0,0,0,0,0,0,0,0,1,1,1,0,1,1,1,0,0,0,0,0,4,2,0.5,0.6666666666666666
2/17/2026 11:54:04,Divorced or Annulled,25,30,Both our parents are Married,No,No,Religious Place of Worship,6 monthsâ1 year,No,No,"Half - One was ambivalent, one wanted marriage",No - we don't,Different beliefs altogether,No,Both didn't want children,We both avoid discussing politics,Bad,Bad,Dual income,"Half aligned, half in disagreement",Both Introverts,No,Yes,We are both indifferent or do not want pets,"Faith and Spirituality, Self-Improvement, Adventure/Trying New Things","Security/Stability, Career Ambition, Adventure/Trying New Things",Respect,5.0,5,Religious Community,2,2,2.0,2,0,Bad | Bad,Low,Low,Aligned (0),Both strained,,0,1,0,1,0,0,"{'faith and spirituality', 'self-improvement', 'adventure/trying new things'}","{'adventure/trying new things', 'security/stability', 'career ambition'}",1,1,1,0,0,1,0,1,0,0,0,0,1,0,0,1,0,0,0,0,0,0,0,0,0,1,0,1,1,0,0,1,0,0,0,0,5,4,0.2,0.3333333333333333
3/15/2026 20:49:26,Divorced or Annulled,29,30,Both our parents are Divorced,No,No,Online (e.g. Dating App),6 monthsâ1 year,Yes,Yes,"Half - One was ambivalent, one wanted marriage",Half - one of us does,Different beliefs altogether,Yes,Both didn't want children,We share the same views,Good,Neutral,Dual income,"Half aligned, half in disagreement",Mixed - One of each,No,No,"Mixed - One of us love pets, the other does not","Travel, Family, Security/Stability","Security/Stability, Career Ambition, Faith and Spirituality",,1.0,1,Dating App / Online,4,3,3.5,3,1,Good | Neutral,Neutral,Neutral,Slight mismatch (1),Mixed/neutral,,1,1,0,1,0,0,"{'security/stability', 'travel', 'family'}","{'faith and spirituality', 'security/stability', 'career ambition'}",0,0,0,0,0,1,0,1,0,0,0,0,0,1,0,1,1,0,0,1,0,0,0,0,1,1,1,0,0,0,0,0,1,0,0,1,5,4,0.2,0.3333333333333333
3/14/2026 12:37:37,Divorced or Annulled,22,25,"One set of parents are Married, the other Divorced",No,Yes,Mutual friends,4+ years,No,No,"Half - One was ambivalent, one wanted marriage",Half - one of us does,Different beliefs but accepting,No,Both wanted children,We both avoid discussing politics,Neutral,Bad,Dual income,Rarely aligned,Mixed - One of each,No,No,We are both indifferent or do not want pets,"Career Ambition, Family, Security/Stability","Adventure/Trying New Things, Career Ambition, Self-Improvement",,3.0,3,Mutual Friends,3,2,2.5,2,1,Neutral | Bad,Low,Low,Slight mismatch (1),Mixed/neutral,4.0,0,1,0,1,0,0,"{'security/stability', 'career ambition', 'family'}","{'adventure/trying new things', 'self-improvement', 'career ambition'}",0,1,0,1,1,1,1,0,0,0,0,0,0,0,0,0,1,0,0,1,0,0,0,0,1,0,0,1,0,1,0,1,0,0,0,0,5,4,0.2,0.3333333333333333
3/2/2026 18:25:08,Divorced or Annulled,28,31,Both our parents are Married,No,No,Mutual friends,<6 months,No,Yes,Ambivalent,Half - one of us does,Different beliefs altogether,No,Mixed views,Our different views cause conflict,Bad,Neutral,Dual income,Rarely aligned,Mixed - One of each,No,Somewhat,We both love and/or own pets,"Faith and Spirituality, Adventure/Trying New Things, Family","Security/Stability, Career Ambition, Faith and Spirituality",Respect,3.0,3,Mutual Friends,2,3,2.5,2,1,Bad | Neutral,Low,Low,Slight mismatch (1),Mixed/neutral,0.0,0,1,0,1,0,0,"{'faith and spirituality', 'family', 'adventure/trying new things'}","{'faith and spirituality', 'security/stability', 'career ambition'}",1,0,0,1,0,1,0,1,0,0,0,0,1,1,1,0,1,0,0,1,0,0,0,0,0,1,0,1,0,0,0,0,0,0,0,0,5,4,0.2,0.3333333333333333
2/28/2026 07:54:06,Divorced or Annulled,25,29,"One set of parents are Married, the other Divorced",No,No,Workplace,2â4 years,No,No,Both wanted marriage,Half - one of us does,Different beliefs but accepting,Yes,Both didn't want children,We both avoid discussing politics,Good,Very Bad,Dual income,Rarely aligned,Mixed - One of each,No,No,We are both indifferent or do not want pets,"Adventure/Trying New Things, Security/Stability, Career Ambition","Career Ambition, Adventure/Trying New Things, Security/Stability",Communication and trust,4.0,4,Workplace,4,1,2.5,1,3,Good | Very Bad,Low,Low,Large mismatch (2+),Large mismatch,,1,3,0,0,0,1,"{'adventure/trying new things', 'security/stability', 'career ambition'}","{'adventure/trying new things', 'security/stability', 'career ambition'}",1,1,1,0,1,1,1,0,0,0,0,0,0,0,0,0,0,0,0,0,0,0,0,0,1,1,1,0,0,0,0,0,0,0,0,0,3,0,1.0,1.0
